# Wiring of Main::OnIdle's calls (Xbox PDB, PC 0086e650) to depth 2, from world::frame (Phase 1's gate, docs/FRAME_SKELETON.md "PR 7 result"); generated by `cargo test -p world frame::coverage` with NVRS_WRITE_FRAME_WIRING=1
seq	depth	call	address	name	wiring	model	system
2	1	1	0086a830		open	world::frame	
3	1	2	00af2640	BSSystemUtility::QInstance	open	world::frame	
4	2	1	00af30a0		open	-	
6	2	2	00ec658f	_atexit	open	-	
8	1	3	00702360	Interface::IsInMenuMode	open	world::frame	
9	2	1	004b7210		open	-	
10	2	2	004b7210		open	-	
11	2	3	009373f0		open	-	
12	2	4	004b7210		open	-	
13	2	5	007023a0		open	-	
14	1	4	00709bc0	Interface::IsPipboyOpening	open	world::frame	
15	2	1	004b7210		open	-	
16	1	5	007050d0	Interface::InDialog	open	world::frame	
17	2	1	004b7210		open	-	
18	2	2	004b7210		open	-	
19	2	3	009373f0		open	-	
20	2	4	00705100		open	-	
21	1	6	00701450	FaderManager::IsFaderVisible	open	world::frame	
22	1	7	00703d50	Interface::IsConsoleVisible	open	world::frame	
23	2	1	004b7210		open	-	
24	2	2	004b7210		open	-	
25	2	3	009373f0		open	-	
26	2	4	0071b160	MenuConsole::Instance	open	-	
30	2	5	0071b160	MenuConsole::Instance	open	-	
34	2	6	004a4020		open	-	
35	1	8	00707ad0	Interface::GetCurrentRenderedMenu	open	world::frame	
36	2	1	004b7210		open	-	
37	2	2	00707af0		open	-	
39	1	9	00707ad0	Interface::GetCurrentRenderedMenu	open	world::frame	
40	2	1	004b7210		open	-	
41	2	2	00707af0		open	-	
43	1	10	00705990	Interface::GetPipboy	open	world::frame	
44	2	1	004b7210		open	-	
45	2	2	004b7210		open	-	
46	2	3	009373f0		open	-	
47	2	4	004b7210		open	-	
48	2	5	00704370		open	-	
49	1	11	004b7210		open	world::frame	
50	1	12	00424940		open	world::frame	
51	1	13	008782b0	MemoryLevelManager::RunNonDestructiveFree	open	world::frame	
52	2	1	00878160		open	-	
60	2	2	00878250	MemoryLevelManager::FreeReleasedObjects	open	-	
69	2	3	00878340		open	-	
70	2	4	00652110	BSFaceGenManager::GetModelCache	open	-	
71	2	5	00652110	BSFaceGenManager::GetModelCache	open	-	
72	2	6	00529ea0		open	-	
73	2	7	00a09030	Tile::GetMenuByClass	open	-	
74	2	8	00652110	BSFaceGenManager::GetModelCache	open	-	
75	2	9	00650a30		open	-	
96	2	10	00878200		open	-	
104	1	14	0086f940	Main::OnIdle_UpdatePlayer	partial	world::frame	world::frame::player (its calls and PlayerCharacter::Update's sub-steps, in order, with their gates; viewer: frame_order::PlayerSet)
105	2	1	0093bea0	PlayerCharacter::HandlePositionPlayerRequest	open	world::frame::player	
127	2	2	00709bc0	Interface::IsPipboyOpening	open	world::frame::player	
129	2	3	009481d0	PlayerCharacter::ForceGrenadeHold	open	world::frame::player	
146	2	4	0084d030		open	world::frame::player	
147	2	5	009466d0	PlayerCharacter::UpdateFlyCamera	partial	world::frame::player	viewer: fly_camera, the viewer's free camera (` key), with the world running as TFC without an argument leaves it
298	2	6	0084d030		open	world::frame::player	
299	2	7	009c8cc0	VATS::GetPlayerUpdateMult	open	world::frame::player	
306	2	8	008d6f30		open	world::frame::player	
307	2	9	00436aa0		open	world::frame::player	
308	2	10	00425fd0		open	world::frame::player	
309	2	11	00550200		open	world::frame::player	
315	2	12	0054ddd0	TESObjectCELL::GetWorldSpace	open	world::frame::player	
317	2	13	00461bc0	TESDataHandler::GetCellFromWorldCoord	open	world::frame::player	
321	2	14	00450fb0		open	world::frame::player	
323	2	15	00450ff0		open	world::frame::player	
325	2	16	00452580	TES::UpdateCurrentGridCell	open	world::frame::player	
423	2	17	00451530		open	world::frame::player	
424	2	18	00457d70	TES::ShowLoadingMenu	open	world::frame::player	
457	2	19	0086fba0		open	world::frame::player	
458	2	20	0086fbc0		open	world::frame::player	
459	2	21	00548230	TESObjectCELL::AddReference	open	world::frame::player	
516	2	22	00547590	TESObjectCELL::GetAcousticSpace	open	world::frame::player	
519	2	23	0086fbb0		open	world::frame::player	
520	2	24	0086fbc0		open	world::frame::player	
521	2	25	0086fba0		open	world::frame::player	
522	2	26	00b4f5c0	BSShaderManager::GetAccumulator	open	world::frame::player	
523	2	27	00b655b0	BSShaderAccumulator::ClearAllBoundVolumes	open	world::frame::player	
528	1	15	006ff580		open	world::frame	
529	2	1	00401000		open	-	
532	2	2	006ff690		open	-	
537	1	16	006ff860		open	world::frame	
538	1	17	0086fd90	Main::OnIdle_UpdateImageSpace	open	world::frame	
539	2	1	004e3270		open	-	
540	2	2	00b8b500		open	-	
542	2	3	004e3270		open	-	
543	2	4	00b8b9a0		open	-	
545	2	5	0084d030		open	-	
546	2	6	0086ff50		open	-	
547	2	7	0043b5d0		open	-	
548	2	8	006815c0		open	-	
549	2	9	00559450		open	-	
550	2	10	00633c90		open	-	
552	2	11	00631620	BSSimpleList<NiPointer<ObstacleData>_>::Remove	open	-	
560	2	12	0045cec0		open	-	
562	2	13	0086ff40		open	-	
563	2	14	0084d030		open	-	
564	2	15	00726070		open	-	
565	2	16	004e3270		open	-	
566	2	17	00b8aea0		open	-	
567	2	18	004e3270		open	-	
568	2	19	00b8ccb0		open	-	
571	2	20	004e3270		open	-	
572	2	21	00b8d020		open	-	
576	2	22	004e3270		open	-	
577	2	23	00b8b440		open	-	
578	1	18	00702360	Interface::IsInMenuMode	open	world::frame	
579	2	1	004b7210		open	-	
580	2	2	004b7210		open	-	
581	2	3	009373f0		open	-	
582	2	4	004b7210		open	-	
583	2	5	007023a0		open	-	
584	1	19	00709bc0	Interface::IsPipboyOpening	open	world::frame	
585	2	1	004b7210		open	-	
586	1	20	007050d0	Interface::InDialog	open	world::frame	
587	2	1	004b7210		open	-	
588	2	2	004b7210		open	-	
589	2	3	009373f0		open	-	
590	2	4	00705100		open	-	
591	1	21	00701450	FaderManager::IsFaderVisible	open	world::frame	
592	1	22	00703d50	Interface::IsConsoleVisible	open	world::frame	
593	2	1	004b7210		open	-	
594	2	2	004b7210		open	-	
595	2	3	009373f0		open	-	
596	2	4	0071b160	MenuConsole::Instance	open	-	
600	2	5	0071b160	MenuConsole::Instance	open	-	
604	2	6	004a4020		open	-	
605	1	23	008d6f30		open	world::frame	
606	1	24	006da7c0	Pathing::ProfilePathing	open	world::frame	
607	2	1	0042fb00		open	-	
609	2	2	00425fd0		open	-	
610	2	3	00544c30	TESObjectCELL::GetDataX	open	-	
612	2	4	00544c60	TESObjectCELL::GetDataY	open	-	
614	2	5	006dce60	PathingLocation::PathingLocation_ov5	open	-	
617	2	6	006dd6f0	PathingLocation::ResolveNavMeshInfo	open	-	
668	2	7	004ff7e0		open	-	
669	2	8	0042fa40		open	-	
671	2	9	006dd610	PathingLocation::GetNavMesh	open	-	
673	2	10	006a65e0	BSSimpleArray<NiPoint3_1024>::BSSimpleArray<NiPoint3_1024>	open	-	
675	2	11	006a1440		open	-	
676	2	12	00441110	PathingLocation::GetWorldspace	open	-	
677	2	13	006d7110	Pathing::FindPointOnNavMesh	open	-	
701	2	14	00476b70	RandomFloat	open	-	
704	2	15	006a1440		open	-	
705	2	16	00476b70	RandomFloat	open	-	
708	2	17	006a1440		open	-	
709	2	18	006a1440		open	-	
710	2	19	006815c0		open	-	
711	2	20	006a1440		open	-	
712	2	21	006a1440		open	-	
713	2	22	00452dc0		open	-	
714	2	23	006a1440		open	-	
715	2	24	006a1440		open	-	
716	2	25	00452dc0		open	-	
717	2	26	006a1440		open	-	
718	2	27	006a1440		open	-	
719	2	28	00452dc0		open	-	
720	2	29	006a1440		open	-	
721	2	30	006a1440		open	-	
722	2	31	00452dc0		open	-	
723	2	32	006b9e90		open	-	
728	2	33	006ba010		open	-	
729	2	34	005b5e40		open	-	
730	2	35	006e4080	PathingRequestCover::PathingRequestCover	open	-	
735	2	36	006d3ac0		open	-	
737	2	37	006a1440		open	-	
738	2	38	006dad40		open	-	
739	2	39	006dae60		open	-	
741	2	40	006d62e0		open	-	
838	2	41	006dae90	BSSimpleArray<PathingCoverLocation_1024>::Clear	open	-	
840	2	42	006dad70		open	-	
842	2	43	00441110	PathingLocation::GetWorldspace	open	-	
843	2	44	006a1440		open	-	
844	2	45	006dcea0	PathingLocation::PathingLocation_ov6	open	-	
847	2	46	006e2420	PathingRequest::PathingRequest	open	-	
855	2	47	006d3ac0		open	-	
857	2	48	006d1bc0		open	-	
859	2	49	006e7650		open	-	
864	2	50	006d0b10		open	-	
868	2	51	006e7720		open	-	
874	2	52	006e2620		open	-	
879	2	53	004ff7e0		open	-	
880	2	54	0049f1f0		open	-	
882	2	55	004ff7e0		open	-	
883	2	56	0042fa40		open	-	
885	1	25	00851d90	BGSSaveLoadManager::UpdateQueuedSaves	open	world::frame	
886	2	1	00701450	FaderManager::IsFaderVisible	open	-	
887	2	2	00701450	FaderManager::IsFaderVisible	open	-	
888	2	3	00705ea0	Interface::IsInGameLoadingMenuOpen	open	-	
889	2	4	00850a40	BGSSaveLoadManager::Autosave	open	-	
894	2	5	00701450	FaderManager::IsFaderVisible	open	-	
895	2	6	00701450	FaderManager::IsFaderVisible	open	-	
896	2	7	00705ea0	Interface::IsInGameLoadingMenuOpen	open	-	
897	2	8	008503b0	BGSSaveLoadManager::SaveGame	open	-	
932	2	9	00701450	FaderManager::IsFaderVisible	open	-	
933	2	10	00701450	FaderManager::IsFaderVisible	open	-	
934	2	11	00705ea0	Interface::IsInGameLoadingMenuOpen	open	-	
935	2	12	00850a90		open	-	
944	1	26	0086ef30		open	world::frame	
945	1	27	0086ef90		open	world::frame	
946	1	28	0086f190	Main::OnIdle_FixActorBones	open	world::frame	
947	2	1	00717e50	BaseProcess::GetActorPackageThatIsRunning	open	-	
948	2	2	005be5c0		open	-	
949	2	3	00968670		open	-	
951	2	4	00931850	MobileObject::GetCurrentProcessType	open	-	
953	2	5	008d8520	MiddleHighProcess::GetSavedAcquireObject	open	-	
954	2	6	00483710		open	-	
955	2	7	008d8520	MiddleHighProcess::GetSavedAcquireObject	open	-	
956	2	8	00483710		open	-	
957	1	29	00483710		open	world::frame	
958	1	30	004e1610		open	world::frame	
959	2	1	0040fca0		open	-	
960	1	31	0086ef40		open	world::frame	
961	1	32	0086f260	Main::OnIdle_UpdateTimer	partial	world::frame	physics::havok::Clock (the frame timer and Havok's delta time only; viewer: clutter::time_havok_frame with physics::havok::FrameTimer)
962	2	1	00408d60		open	-	
963	2	2	008a8150		open	-	
964	2	3	00aa4e40		open	-	
965	2	4	00771520		open	-	
968	2	5	00403e20		open	-	
969	2	6	0044ddc0		open	-	
970	2	7	00525420		open	-	
971	2	8	0084d030		open	-	
972	2	9	00c66760		open	-	
975	2	10	0086f330		open	-	
976	2	11	0084d030		open	-	
977	2	12	00403e20		open	-	
978	1	33	0086f390	Main::OnIdle_PollControls	partial	world::frame	interface::POLL_CONTROLS_STEPS (viewer: Bevy's input systems run here, frame_order::configure_input)
979	2	1	007fdf30	Controls::GetInstance	open	-	
980	2	2	00a23010	Controls::Poll	partial	world::frame::interface	viewer: Bevy's input systems (keyboard, mouse, wheel, pads), run here instead of in PreUpdate (frame_order::configure_input)
990	2	3	007013e0		open	-	
991	2	4	007fdf30	Controls::GetInstance	open	-	
992	2	5	00a257c0		open	world::frame::interface	
995	2	6	0044ddc0		open	-	
996	2	7	007d1360		open	-	
997	2	8	00709bc0	Interface::IsPipboyOpening	open	-	
999	2	9	00702680	Interface::IsMenuIDVisible	open	-	
1014	2	10	004a4040		open	-	
1016	2	11	007fdf30	Controls::GetInstance	open	-	
1017	2	12	00a253d0	Controls::ClearUserActions	open	world::frame::interface	
1019	1	34	00c3dbf0	IOManager::UpdateQueue	open	world::frame	
1020	2	1	00aa4d80	BSPrecisionTimer::GetTimer	open	-	
1021	2	2	00ec62f6		open	-	
1022	2	3	00c3e420		open	-	
1024	2	4	00aa4d80	BSPrecisionTimer::GetTimer	open	-	
1025	2	5	00c3e420		open	-	
1027	2	6	0044dd60		open	-	
1029	2	7	0044dd60		open	-	
1031	1	35	0086efa0		open	world::frame	
1032	2	1	004a4080		open	-	
1033	1	36	0070edf0	XUserInterface::XUIIsUp	open	world::frame	
1034	2	1	004a4080		open	-	
1035	1	37	0078cfc0	LoadingMenu::SuspendBackgroundThread	open	world::frame	
1036	2	1	008905f0		open	-	
1037	2	2	00aa6560	BSThread::SetThreadPriority	open	-	
1038	2	3	004424e0	WaitForSingleObject	open	-	
1040	1	38	00705ea0	Interface::IsInGameLoadingMenuOpen	open	world::frame	
1041	1	39	00457d70	TES::ShowLoadingMenu	open	world::frame	
1042	2	1	00705e80	Interface::GetLoadingMenuVisible	open	-	
1044	2	2	00458140		open	-	
1046	2	3	00458180		open	-	
1049	2	4	00451530		open	-	
1050	2	5	0063e010		open	-	
1055	2	6	00453a70	BSAudio::QInstance	open	-	
1056	2	7	00ad8780	BSAudio::EndAllSoundsOfType	open	-	
1057	2	8	00401170		open	-	
1058	2	9	00425fd0		open	-	
1059	2	10	0054ddd0	TESObjectCELL::GetWorldSpace	open	-	
1061	2	11	008d6f30		open	-	
1062	2	12	00425fd0		open	-	
1063	2	13	0054ddd0	TESObjectCELL::GetWorldSpace	open	-	
1065	2	14	00575d70	TESObjectREFR::GetWorldSpace	open	-	
1068	2	15	00705e00	Interface::CreateLoadingMenu	open	-	
1071	2	16	00aff100		open	-	
1074	2	17	00458010		open	-	
1075	2	18	00aff100		open	-	
1078	2	19	00aff100		open	-	
1081	2	20	00457ff0		open	-	
1082	2	21	004580e0		open	-	
1084	2	22	004580e0		open	-	
1086	2	23	00458060		open	-	
1088	2	24	00705e30	Interface::CloseLoadingMenu	open	-	
1090	2	25	00458030		open	-	
1091	2	26	00771700	HUDMainMenu::SetMenuMode	open	-	
1152	2	27	00457fe0		open	-	
1153	2	28	00457fe0		open	-	
1154	2	29	00458060		open	-	
1156	2	30	00705e30	Interface::CloseLoadingMenu	open	-	
1158	2	31	00458030		open	-	
1159	2	32	00771700	HUDMainMenu::SetMenuMode	open	-	
1220	1	40	0086efe0	Main::OnIdle_ScaleLOD	open	world::frame	
1221	2	1	00525420		open	-	
1222	2	2	00403e20		open	-	
1223	2	3	0086f160		open	-	
1224	2	4	00403e20		open	-	
1225	2	5	0086f170		open	-	
1226	2	6	00403e20		open	-	
1227	2	7	0086f180		open	-	
1228	2	8	004fd3e0	TES::GetWorldSpace	open	-	
1229	2	9	004fd3e0	TES::GetWorldSpace	open	-	
1230	2	10	00586390		open	-	
1232	2	11	00403e20		open	-	
1233	2	12	0086f160		open	-	
1234	2	13	00403e20		open	-	
1235	2	14	0086f170		open	-	
1236	2	15	00403e20		open	-	
1237	2	16	0086f180		open	-	
1238	2	17	008d6f30		open	-	
1239	2	18	008d6f30		open	-	
1240	2	19	00425fd0		open	-	
1241	2	20	00403e20		open	-	
1242	2	21	0086f160		open	-	
1243	2	22	00403e20		open	-	
1244	2	23	0086f170		open	-	
1245	2	24	00403e20		open	-	
1246	2	25	0086f180		open	-	
1247	2	26	0086f160		open	-	
1248	2	27	0086f170		open	-	
1249	2	28	0086f180		open	-	
1250	1	41	00524c90		open	world::frame	
1251	2	1	00559450		open	-	
1252	2	2	006629f0	BSFaceGenNiNode::GetAnimationData	open	-	
1254	1	42	004a0ea0		open	world::frame	
1255	1	43	00b6dd00		open	world::frame	
1256	2	1	00e7d7f0		open	-	
1260	2	2	00aa4060		open	-	
1266	1	44	0086f450	Main::OnIdle_HandleMenuBackground	system	world::frame	world::menu_background::Background::update (viewer: menu_background::update)
1267	2	1	00702450	Interface::IsTopMenuID	open	-	
1274	2	2	0070edf0	XUserInterface::XUIIsUp	open	-	
1276	2	3	00702680	Interface::IsMenuIDVisible	open	-	
1291	2	4	00702680	Interface::IsMenuIDVisible	open	-	
1306	2	5	00705a00	Interface::IsInPipboyMenu	open	-	
1312	2	6	00703d50	Interface::IsConsoleVisible	open	-	
1319	2	7	00871dc0	Main::RenderMenuBackground	open	-	
1398	2	8	0070edf0	XUserInterface::XUIIsUp	open	-	
1400	2	9	00703d50	Interface::IsConsoleVisible	open	-	
1407	2	10	007079b0	Interface::IsInRenderedMenu	open	-	
1413	2	11	00702450	Interface::IsTopMenuID	open	-	
1420	2	12	00702450	Interface::IsTopMenuID	open	-	
1427	2	13	007014a0	FaderManager::IsFaderActive	open	-	
1428	2	14	00702680	Interface::IsMenuIDVisible	open	-	
1443	2	15	00702680	Interface::IsMenuIDVisible	open	-	
1458	2	16	00702680	Interface::IsMenuIDVisible	open	-	
1473	2	17	00702680	Interface::IsMenuIDVisible	open	-	
1488	2	18	00702680	Interface::IsMenuIDVisible	open	-	
1503	2	19	00702680	Interface::IsMenuIDVisible	open	-	
1518	2	20	00702680	Interface::IsMenuIDVisible	open	-	
1533	2	21	00702680	Interface::IsMenuIDVisible	open	-	
1548	2	22	00877430	Main::KillMenuBGTexture	open	-	
1558	1	45	007011d0	FaderManager::UpdateFaders	partial	world::frame	world::living::sleep::Fade and the viewer's fade to black in game_menus (two faders only)
1559	2	1	00404eb0		open	-	
1561	2	2	007013e0		open	-	
1562	2	3	00559450		open	-	
1563	2	4	00559450		open	-	
1564	2	5	00821600		open	-	
1565	2	6	009611e0		open	-	
1566	2	7	009611e0		open	-	
1567	2	8	007013e0		open	-	
1568	2	9	00559450		open	-	
1569	2	10	00559450		open	-	
1570	2	11	00821600		open	-	
1571	2	12	00404ee0		open	-	
1573	1	46	004e0110	ScreenSplatter::Update	open	world::frame	
1574	2	1	00559450		open	-	
1575	2	2	0043b480		open	-	
1577	2	3	0084d030		open	-	
1578	2	4	00559450		open	-	
1579	2	5	0043b4a0		open	-	
1582	2	6	004e0320		open	-	
1583	2	7	00a5bdd0	NiObjectNET::GetExtraData	open	-	
1585	2	8	0048d150		open	-	
1586	2	9	00559450		open	-	
1587	2	10	00403e20		open	-	
1588	2	11	00403e20		open	-	
1589	2	12	004b3ab0		open	-	
1590	2	13	0043d410		open	-	
1591	2	14	00a59c60		open	-	
1592	2	15	00403e20		open	-	
1593	2	16	004de8a0		open	-	
1594	2	17	00403e20		open	-	
1595	2	18	004de8b0		open	-	
1596	2	19	004de8d0		open	-	
1597	2	20	0040ebd0		open	-	
1598	2	21	004de8c0		open	-	
1599	1	47	004de600	ScreenCustomSplatter::Update	open	world::frame	
1600	2	1	00559450		open	-	
1601	2	2	0043b480		open	-	
1603	2	3	0084d030		open	-	
1604	2	4	00559450		open	-	
1605	2	5	0043b4a0		open	-	
1608	2	6	004de890		open	-	
1609	2	7	00a5bdd0	NiObjectNET::GetExtraData	open	-	
1611	2	8	0048d150		open	-	
1612	2	9	00559450		open	-	
1613	2	10	00403e20		open	-	
1614	2	11	004b3ab0		open	-	
1615	2	12	004b3ab0		open	-	
1616	2	13	0043d410		open	-	
1617	2	14	00a59c60		open	-	
1618	2	15	00403e20		open	-	
1619	2	16	004de8a0		open	-	
1620	2	17	00403e20		open	-	
1621	2	18	004de8b0		open	-	
1622	2	19	004de8d0		open	-	
1623	2	20	0040ebd0		open	-	
1624	2	21	004de8c0		open	-	
1625	1	48	00683a60		open	world::frame	
1626	1	49	00a81a20		open	world::frame	
1627	2	1	00714960		open	-	
1631	1	50	00451530		open	world::frame	
1632	1	51	0086ef70		open	world::frame	
1633	1	52	004556d0	TES::TestAllCells	open	world::frame	
1634	2	1	005a8040	IOManager::Pause	open	-	
1635	2	2	0043b2b0	MessageHandler::IncDisableWarningCount	open	-	
1638	2	3	00aff0b0	BSSystemFile::DeleteFileA	open	-	
1639	2	4	005b5e40		open	-	
1640	2	5	0046ddb0	TESDataHandler::CheckModels	open	-	
1711	2	6	005b5e40		open	-	
1712	2	7	0046ec10	TESDataHandler::CheckIcons	open	-	
1762	2	8	00460140		open	-	
1763	2	9	004619b0		open	-	
1773	2	10	00461960		open	-	
1775	2	11	006815c0		open	-	
1776	2	12	00460140		open	-	
1777	2	13	006815c0		open	-	
1778	2	14	00726070		open	-	
1779	2	15	004619b0		open	-	
1789	2	16	00461960		open	-	
1791	2	17	004619b0		open	-	
1801	2	18	00461960		open	-	
1803	2	19	0043b2b0	MessageHandler::IncDisableWarningCount	open	-	
1806	2	20	00ec7d50		open	-	
1809	2	21	006815c0		open	-	
1810	2	22	004564f0		open	-	
1812	2	23	00726070		open	-	
1813	2	24	006815c0		open	-	
1814	2	25	00458200	TES::SetWorldSpace	open	world::frame::world_time	
1844	2	26	004565f0		open	-	
1845	2	27	00ec62c0		open	-	
1846	2	28	00812870	LowProcess::GetEssentialDownTimer	open	-	
1847	2	29	00ec62c0		open	-	
1848	2	30	009b88a0	LowProcess::GetDeathTime	open	-	
1849	2	31	00ec62c0		open	-	
1850	2	32	009b88c0	LowProcess::GetTrackedDamage	open	-	
1851	2	33	00ec62c0		open	-	
1852	2	34	005b5e40		open	world::frame::world_time	
1853	2	35	00585b30	TESWorldSpace::LoadCell	open	world::frame::world_time	
1881	2	36	00454e70	TES::AddToExteriorBuffer	open	world::frame::world_time	
1895	2	37	009b88c0	LowProcess::GetTrackedDamage	open	-	
1896	2	38	00ec62c0		open	-	
1897	2	39	00812870	LowProcess::GetEssentialDownTimer	open	-	
1898	2	40	00ec62c0		open	-	
1899	2	41	009b88a0	LowProcess::GetDeathTime	open	-	
1900	2	42	00ec62c0		open	-	
1901	2	43	00726070		open	-	
1902	2	44	005b5e40		open	world::frame::world_time	
1903	2	45	00461980		open	world::frame::world_time	
1906	2	46	004564f0		open	-	
1908	2	47	00461980		open	world::frame::world_time	
1911	2	48	00440d80		open	-	
1912	2	49	0054cee0	TESObjectCELL::GetFirstRefr	open	-	
1917	2	50	00547110	TESObjectCELL::GetRegionList	open	-	
1923	2	51	005f65d0		open	-	
1924	2	52	00575d70	TESObjectREFR::GetWorldSpace	open	-	
1927	2	53	00867a40	Calendar::Update	open	world::frame::world_time	
1944	2	54	00425fd0		open	-	
1945	2	55	00544c60	TESObjectCELL::GetDataY	open	-	
1947	2	56	00544c30	TESObjectCELL::GetDataX	open	-	
1949	2	57	00416870		open	-	
1950	2	58	00425fd0		open	-	
1951	2	59	00550340	TESObjectCELL::LoadAllTempData	open	-	
1969	2	60	006815c0		open	-	
1970	2	61	0054cfd0	TESObjectCELL::GetCOCPlacementInfo	open	-	
1978	2	62	00453dc0	TES::LoadInterior	open	world::frame::world_time	
2081	2	63	005f36f0	ActorMover::GetPreferredMoveMode	open	-	
2082	2	64	00454450	TES::LeaveInterior	open	world::frame::world_time	
2182	2	65	00546fb0	TESObjectCELL::GetLand	open	-	
2190	2	66	0053f180	TESObjectLAND::GetLandHeight	open	-	
2195	2	67	00452580	TES::UpdateCurrentGridCell	open	world::frame::world_time	
2293	2	68	00546fb0	TESObjectCELL::GetLand	open	-	
2301	2	69	0053f180	TESObjectLAND::GetLandHeight	open	-	
2306	2	70	00401000		open	-	
2309	2	71	00456540		open	-	
2312	2	72	00430830		open	-	
2313	2	73	00425fd0		open	-	
2314	2	74	0054ddd0	TESObjectCELL::GetWorldSpace	open	-	
2316	2	75	0093be30	PlayerCharacter::RequestPositionPlayer	open	world::frame::world_time	
2321	2	76	0093bea0	PlayerCharacter::HandlePositionPlayerRequest	open	world::frame::world_time	
2343	2	77	00456520	IOManager::LoadQueuedPriority	open	world::frame::world_time	
2345	2	78	00ec7d50		open	-	
2348	2	79	00878160		open	world::frame::world_time	
2356	2	80	004539a0		open	world::frame::world_time	
2371	2	81	00878250	MemoryLevelManager::FreeReleasedObjects	open	world::frame::world_time	
2380	2	82	00878200		open	world::frame::world_time	
2388	2	83	004037b0		open	-	
2390	2	84	004a8bb0	BGSSceneInfo::CollectSceneDataForLoadedArea	open	-	
2427	2	85	004a9120	BGSSceneInfo::BuildMNumberString	open	-	
2433	2	86	009d9f20		open	-	
2435	2	87	00891170		open	-	
2436	2	88	0076b610		open	-	
2437	2	89	00456510		open	-	
2438	2	90	0059bb30	D3DTexture_LockRect	open	-	
2439	2	91	005b5e40		open	world::frame::world_time	
2440	2	92	0055b980		open	-	
2441	2	93	0096bc50		open	-	
2445	2	94	00425fd0		open	-	
2446	2	95	0054bb90		open	-	
2454	2	96	00559450		open	-	
2455	2	97	005b5e40		open	-	
2456	2	98	0054bb90		open	-	
2464	2	99	00559450		open	-	
2465	2	100	00c3c220	MessageHandler::Output	open	world::frame::world_time	
2466	2	101	00559450		open	-	
2467	2	102	00544c60	TESObjectCELL::GetDataY	open	-	
2469	2	103	00544c30	TESObjectCELL::GetDataX	open	-	
2471	2	104	005b5e40		open	world::frame::world_time	
2472	2	105	00559450		open	-	
2473	2	106	00544c60	TESObjectCELL::GetDataY	open	-	
2475	2	107	00544c30	TESObjectCELL::GetDataX	open	-	
2477	2	108	00c3c220	MessageHandler::Output	open	world::frame::world_time	
2478	2	109	004037d0		open	-	
2480	2	110	00861f20	TESSaveLoadGame::TestAllCells	open	world::frame::world_time	
2494	2	111	0043b2b0	MessageHandler::IncDisableWarningCount	open	world::frame::world_time	
2497	1	53	00559450		open	world::frame	
2498	1	54	0084d030		open	world::frame	
2499	1	55	0084d030		open	world::frame	
2500	1	56	00867a40	Calendar::Update	partial	world::frame	world::scripting GameState::advance_clock (game time; its calendar is labelled a guess; world_time::CALENDAR_UPDATE)
2501	2	1	00526ac0	BSMultiBoundCapsule::QMultiBoundRadius	open	-	
2502	2	2	00526ac0	BSMultiBoundCapsule::QMultiBoundRadius	open	-	
2503	2	3	00526ac0	BSMultiBoundCapsule::QMultiBoundRadius	open	-	
2504	2	4	00ec62c0		open	-	
2505	2	5	0046dce0		partial	world::frame::world_time	world::scripting GameState::advance_clock (GameDaysPassed by the hours / 24 at every step)
2506	2	6	00526ac0	BSMultiBoundCapsule::QMultiBoundRadius	open	-	
2507	2	7	00526ac0	BSMultiBoundCapsule::QMultiBoundRadius	open	-	
2508	2	8	00526ac0	BSMultiBoundCapsule::QMultiBoundRadius	open	-	
2509	2	9	00ec62c0		open	-	
2510	2	10	004b10d0		open	world::frame::world_time	
2511	2	11	0046dce0		partial	world::frame::world_time	world::scripting GameState::advance_clock (its year carry; its calendar is labelled a guess)
2512	2	12	0046dce0		partial	world::frame::world_time	world::scripting GameState::advance_clock (its month carry; Gregorian month lengths, labelled a guess)
2513	2	13	0046dce0		partial	world::frame::world_time	world::scripting GameState::advance_clock (its day carry)
2514	2	14	00526ac0	BSMultiBoundCapsule::QMultiBoundRadius	open	-	
2515	2	15	0046dce0		partial	world::frame::world_time	world::scripting GameState::advance_clock (GameDaysPassed)
2516	2	16	0046dce0		partial	world::frame::world_time	world::scripting GameState::advance_clock (GameHour; viewer: inside scripts::run_scripts' Runner::update)
2517	1	57	0043d4d0		open	world::frame	
2518	1	58	00455640	TES::RunAnimations	open	world::frame	
2519	2	1	00455680		open	world::frame::world_time	
2520	2	2	005f36f0	ActorMover::GetPreferredMoveMode	open	-	
2521	2	3	005f36f0	ActorMover::GetPreferredMoveMode	open	-	
2522	2	4	00553820	TESObjectCELL::RunAnimations	open	world::frame::world_time	
2529	2	5	004baba0	GridCellArray::RunAnimations	open	world::frame::world_time	
2534	1	59	0040fbf0		open	world::frame	
2535	2	1	0040fc90		open	-	
2536	2	2	0043b460		open	-	
2537	2	3	0040fca0		open	-	
2538	2	4	0040fca0		open	-	
2539	2	5	0040fbe0	Error	open	-	
2540	1	60	00978550	ProcessLists::RunActorScripts	partial	world::frame	viewer: scripts::run_scripts, ordered here (it runs every script it knows, and the game clock; world_time::RUN_ACTOR_SCRIPTS)
2541	2	1	005de0f0		open	-	
2542	2	2	005be5c0		open	-	
2543	2	3	00968670		open	-	
2545	2	4	00565870	TESObjectREFR::RunScript	partial	world::frame::world_time	viewer: scripts::run_scripts (ordered here; it runs every script it knows, references', quests' and items', and the game clock)
2562	1	61	0043d4d0		open	world::frame	
2563	1	62	009777a0	ProcessLists::UpdateRadiationList	open	world::frame	
2564	2	1	009c1a50		open	-	
2565	2	2	004b9ba0		open	-	
2566	2	3	006b7f20		open	-	
2567	2	4	005d43c0		open	-	
2568	2	5	00422320	ExtraDataList::GetRadius	open	-	
2570	2	6	00422450		open	-	
2572	2	7	005be5c0		open	-	
2573	2	8	00968670		open	-	
2575	2	9	008d8520	MiddleHighProcess::GetSavedAcquireObject	open	-	
2576	2	10	00977c70		open	-	
2577	2	11	00403e20		open	-	
2578	2	12	005723b0	TESObjectREFR::GetDistanceFromReference	open	-	
2590	2	13	00648e50	GamePlayFormulas::GetRadiationLevel	open	-	
2593	2	14	008c4330	Actor::GetRadiationResistanceMult	open	-	
2596	2	15	00403e20		open	-	
2597	2	16	00904430		open	-	
2598	2	17	008bcc80	Actor::ShouldActorAvoidRadiation	open	-	
2604	2	18	009042a0	HighProcess::AddAvoidPathingArea	open	world::frame::world_time	
2615	2	19	008b3bb0	Actor::IsPathingComplete	open	-	
2617	2	20	008b39f0	Actor::SetMoveMode	open	world::frame::world_time	
2618	2	21	008982c0	Actor::InitiateAvoidPackage	open	world::frame::world_time	
2640	2	22	00977c90		open	world::frame::world_time	
2641	2	23	00904430		open	-	
2642	2	24	008d8520	MiddleHighProcess::GetSavedAcquireObject	open	-	
2643	2	25	005723b0	TESObjectREFR::GetDistanceFromReference	open	-	
2655	2	26	00648e50	GamePlayFormulas::GetRadiationLevel	open	-	
2658	2	27	008c4330	Actor::GetRadiationResistanceMult	open	-	
2661	2	28	00904430		open	-	
2662	2	29	00977c90		open	world::frame::world_time	
2663	2	30	00904430		open	-	
2664	2	31	005be5c0		open	-	
2665	2	32	00968670		open	-	
2667	2	33	008d8520	MiddleHighProcess::GetSavedAcquireObject	open	-	
2668	2	34	008d8520	MiddleHighProcess::GetSavedAcquireObject	open	-	
2669	1	63	0096eb40	ProcessLists::ChangeProcessLevelTempList	open	world::frame	
2670	2	1	0094df60	PlayerCharacter::IsSleepingorResting	open	world::frame::world_time	
2671	2	2	006815c0		open	-	
2672	2	3	006815c0		open	-	
2673	2	4	006815c0		open	-	
2674	2	5	00726070		open	-	
2675	2	6	00576d30		open	-	
2676	2	7	008d8520	MiddleHighProcess::GetSavedAcquireObject	open	-	
2677	2	8	00574900		open	-	
2678	2	9	00705190	Interface::InDialogWith	open	-	
2686	2	10	00574900		open	-	
2687	2	11	0092f160	MobileObject::IsTalking	open	-	
2688	2	12	0096d450	ProcessLists::AddReference	open	world::frame::world_time	
2690	2	13	00440d80		open	-	
2691	2	14	00484e60	TESForm::GetFile	open	-	
2695	2	15	00574900		open	-	
2696	2	16	0092f160	MobileObject::IsTalking	open	-	
2697	2	17	008d8520	MiddleHighProcess::GetSavedAcquireObject	open	-	
2698	2	18	00931850	MobileObject::GetCurrentProcessType	open	-	
2700	2	19	0096aaf0	ProcessArray::RemoveActor	open	world::frame::world_time	
2703	2	20	0040fbf0		open	-	
2709	2	21	0040fba0		open	-	
2711	2	22	00440d80		open	-	
2712	2	23	00440da0		open	-	
2713	2	24	008d8520	MiddleHighProcess::GetSavedAcquireObject	open	-	
2714	2	25	0078d200		open	-	
2718	2	26	00931850	MobileObject::GetCurrentProcessType	open	-	
2720	2	27	0096aaf0	ProcessArray::RemoveActor	open	-	
2723	2	28	00931e80		open	world::frame::world_time	
2724	2	29	0040fba0		open	-	
2726	2	30	00905330		open	-	
2730	2	31	0087f3d0	Actor::GetEssential	open	-	
2740	2	32	0087f4a0		open	-	
2743	2	33	008d6f30		open	-	
2744	2	34	004511e0	TES::IsCellLoaded	open	-	
2746	2	35	008d8520	MiddleHighProcess::GetSavedAcquireObject	open	-	
2747	2	36	008d8520	MiddleHighProcess::GetSavedAcquireObject	open	-	
2748	2	37	00526100		open	-	
2750	2	38	00867e30		open	-	
2753	2	39	00567d20	TESObjectREFR::GetEncounterZone	open	-	
2762	2	40	00526320		open	-	
2763	2	41	005d43c0		open	-	
2764	2	42	0041df90	ExtraDataList::GetDroppedItemList	open	-	
2766	2	43	008256d0		open	-	
2767	2	44	006815c0		open	-	
2768	2	45	005d43c0		open	-	
2769	2	46	0041de40	ExtraDataList::AddDroppedItem	open	-	
2775	2	47	00572270	TESObjectREFR::MarkAsDeleted	open	world::frame::world_time	
2776	2	48	0063f7b0		open	-	
2778	2	49	005d43c0		open	-	
2779	2	50	0041dfd0	ExtraDataList::RemoveDroppedItemList	open	-	
2782	2	51	00905330		open	-	
2786	2	52	00440da0		open	-	
2787	2	53	0078d200		open	-	
2791	2	54	008d8520	MiddleHighProcess::GetSavedAcquireObject	open	-	
2792	2	55	00931850	MobileObject::GetCurrentProcessType	open	-	
2794	2	56	0096aaf0	ProcessArray::RemoveActor	open	-	
2797	2	57	00931e80		open	world::frame::world_time	
2798	2	58	00905330		open	-	
2802	2	59	0040fba0		open	-	
2804	2	60	00574900		open	-	
2805	2	61	00702640	Interface::GetMenuModeType	open	-	
2811	2	62	0044ddc0		open	-	
2812	2	63	00574900		open	-	
2813	2	64	00905330		open	-	
2817	2	65	00440d80		open	-	
2818	2	66	00484e60	TESForm::GetFile	open	-	
2822	2	67	008d8520	MiddleHighProcess::GetSavedAcquireObject	open	-	
2823	2	68	00931850	MobileObject::GetCurrentProcessType	open	-	
2825	2	69	0096aaf0	ProcessArray::RemoveActor	open	-	
2828	2	70	0040fbf0		open	-	
2834	2	71	0040fba0		open	-	
2836	2	72	00440d80		open	-	
2837	2	73	00440da0		open	-	
2838	2	74	008d8520	MiddleHighProcess::GetSavedAcquireObject	open	-	
2839	2	75	0078d200		open	-	
2843	2	76	00931850	MobileObject::GetCurrentProcessType	open	-	
2845	2	77	0096aaf0	ProcessArray::RemoveActor	open	-	
2848	2	78	00931e80		open	world::frame::world_time	
2849	2	79	0040fba0		open	-	
2851	2	80	008d8520	MiddleHighProcess::GetSavedAcquireObject	open	-	
2852	2	81	008d8520	MiddleHighProcess::GetSavedAcquireObject	open	-	
2853	2	82	008d8520	MiddleHighProcess::GetSavedAcquireObject	open	-	
2854	2	83	0041ca90		open	-	
2855	2	84	0041ca90		open	-	
2856	2	85	008d8520	MiddleHighProcess::GetSavedAcquireObject	open	-	
2857	2	86	008d8520	MiddleHighProcess::GetSavedAcquireObject	open	-	
2858	2	87	0045cd60		open	-	
2859	2	88	0096a970	ProcessArray::AddActor	open	world::frame::world_time	
2866	2	89	0044ddc0		open	-	
2867	2	90	006815c0		open	-	
2868	2	91	006815c0		open	-	
2869	2	92	00726070		open	-	
2870	1	64	0096e9b0	ProcessLists::UpdateFollowerTempList	open	world::frame	
2871	2	1	006815c0		open	-	
2872	2	2	006815c0		open	-	
2873	2	3	006815c0		open	-	
2874	2	4	00576d30		open	-	
2875	2	5	008d8520	MiddleHighProcess::GetSavedAcquireObject	open	-	
2876	2	6	008d8520	MiddleHighProcess::GetSavedAcquireObject	open	-	
2877	2	7	00881650	Actor::GetCurrentPackageTarget	open	-	
2879	2	8	008d8520	MiddleHighProcess::GetSavedAcquireObject	open	-	
2880	2	9	0041ca90		open	-	
2881	2	10	00881650	Actor::GetCurrentPackageTarget	open	-	
2883	2	11	008d8520	MiddleHighProcess::GetSavedAcquireObject	open	-	
2884	2	12	008bc790	Actor::AddFollower	open	world::frame::world_time	
2887	2	13	00726070		open	-	
2888	1	65	009777a0	ProcessLists::UpdateRadiationList	open	world::frame	
2889	2	1	009c1a50		open	-	
2890	2	2	004b9ba0		open	-	
2891	2	3	006b7f20		open	-	
2892	2	4	005d43c0		open	-	
2893	2	5	00422320	ExtraDataList::GetRadius	open	-	
2895	2	6	00422450		open	-	
2897	2	7	005be5c0		open	-	
2898	2	8	00968670		open	-	
2900	2	9	008d8520	MiddleHighProcess::GetSavedAcquireObject	open	-	
2901	2	10	00977c70		open	-	
2902	2	11	00403e20		open	-	
2903	2	12	005723b0	TESObjectREFR::GetDistanceFromReference	open	-	
2915	2	13	00648e50	GamePlayFormulas::GetRadiationLevel	open	-	
2918	2	14	008c4330	Actor::GetRadiationResistanceMult	open	-	
2921	2	15	00403e20		open	-	
2922	2	16	00904430		open	-	
2923	2	17	008bcc80	Actor::ShouldActorAvoidRadiation	open	-	
2929	2	18	009042a0	HighProcess::AddAvoidPathingArea	open	world::frame::world_time	
2940	2	19	008b3bb0	Actor::IsPathingComplete	open	-	
2942	2	20	008b39f0	Actor::SetMoveMode	open	world::frame::world_time	
2943	2	21	008982c0	Actor::InitiateAvoidPackage	open	world::frame::world_time	
2965	2	22	00977c90		open	world::frame::world_time	
2966	2	23	00904430		open	-	
2967	2	24	008d8520	MiddleHighProcess::GetSavedAcquireObject	open	-	
2968	2	25	005723b0	TESObjectREFR::GetDistanceFromReference	open	-	
2980	2	26	00648e50	GamePlayFormulas::GetRadiationLevel	open	-	
2983	2	27	008c4330	Actor::GetRadiationResistanceMult	open	-	
2986	2	28	00904430		open	-	
2987	2	29	00977c90		open	world::frame::world_time	
2988	2	30	00904430		open	-	
2989	2	31	005be5c0		open	-	
2990	2	32	00968670		open	-	
2992	2	33	008d8520	MiddleHighProcess::GetSavedAcquireObject	open	-	
2993	2	34	008d8520	MiddleHighProcess::GetSavedAcquireObject	open	-	
2994	1	66	008d0600	ProcessLists::PrintLists	open	world::frame	
2995	1	67	0096eb40	ProcessLists::ChangeProcessLevelTempList	open	world::frame	
2996	2	1	0094df60	PlayerCharacter::IsSleepingorResting	open	world::frame::world_time	
2997	2	2	006815c0		open	-	
2998	2	3	006815c0		open	-	
2999	2	4	006815c0		open	-	
3000	2	5	00726070		open	-	
3001	2	6	00576d30		open	-	
3002	2	7	008d8520	MiddleHighProcess::GetSavedAcquireObject	open	-	
3003	2	8	00574900		open	-	
3004	2	9	00705190	Interface::InDialogWith	open	-	
3012	2	10	00574900		open	-	
3013	2	11	0092f160	MobileObject::IsTalking	open	-	
3014	2	12	0096d450	ProcessLists::AddReference	open	world::frame::world_time	
3016	2	13	00440d80		open	-	
3017	2	14	00484e60	TESForm::GetFile	open	-	
3021	2	15	00574900		open	-	
3022	2	16	0092f160	MobileObject::IsTalking	open	-	
3023	2	17	008d8520	MiddleHighProcess::GetSavedAcquireObject	open	-	
3024	2	18	00931850	MobileObject::GetCurrentProcessType	open	-	
3026	2	19	0096aaf0	ProcessArray::RemoveActor	open	world::frame::world_time	
3029	2	20	0040fbf0		open	-	
3035	2	21	0040fba0		open	-	
3037	2	22	00440d80		open	-	
3038	2	23	00440da0		open	-	
3039	2	24	008d8520	MiddleHighProcess::GetSavedAcquireObject	open	-	
3040	2	25	0078d200		open	-	
3044	2	26	00931850	MobileObject::GetCurrentProcessType	open	-	
3046	2	27	0096aaf0	ProcessArray::RemoveActor	open	-	
3049	2	28	00931e80		open	world::frame::world_time	
3050	2	29	0040fba0		open	-	
3052	2	30	00905330		open	-	
3056	2	31	0087f3d0	Actor::GetEssential	open	-	
3066	2	32	0087f4a0		open	-	
3069	2	33	008d6f30		open	-	
3070	2	34	004511e0	TES::IsCellLoaded	open	-	
3072	2	35	008d8520	MiddleHighProcess::GetSavedAcquireObject	open	-	
3073	2	36	008d8520	MiddleHighProcess::GetSavedAcquireObject	open	-	
3074	2	37	00526100		open	-	
3076	2	38	00867e30		open	-	
3079	2	39	00567d20	TESObjectREFR::GetEncounterZone	open	-	
3088	2	40	00526320		open	-	
3089	2	41	005d43c0		open	-	
3090	2	42	0041df90	ExtraDataList::GetDroppedItemList	open	-	
3092	2	43	008256d0		open	-	
3093	2	44	006815c0		open	-	
3094	2	45	005d43c0		open	-	
3095	2	46	0041de40	ExtraDataList::AddDroppedItem	open	-	
3101	2	47	00572270	TESObjectREFR::MarkAsDeleted	open	world::frame::world_time	
3102	2	48	0063f7b0		open	-	
3104	2	49	005d43c0		open	-	
3105	2	50	0041dfd0	ExtraDataList::RemoveDroppedItemList	open	-	
3108	2	51	00905330		open	-	
3112	2	52	00440da0		open	-	
3113	2	53	0078d200		open	-	
3117	2	54	008d8520	MiddleHighProcess::GetSavedAcquireObject	open	-	
3118	2	55	00931850	MobileObject::GetCurrentProcessType	open	-	
3120	2	56	0096aaf0	ProcessArray::RemoveActor	open	-	
3123	2	57	00931e80		open	world::frame::world_time	
3124	2	58	00905330		open	-	
3128	2	59	0040fba0		open	-	
3130	2	60	00574900		open	-	
3131	2	61	00702640	Interface::GetMenuModeType	open	-	
3137	2	62	0044ddc0		open	-	
3138	2	63	00574900		open	-	
3139	2	64	00905330		open	-	
3143	2	65	00440d80		open	-	
3144	2	66	00484e60	TESForm::GetFile	open	-	
3148	2	67	008d8520	MiddleHighProcess::GetSavedAcquireObject	open	-	
3149	2	68	00931850	MobileObject::GetCurrentProcessType	open	-	
3151	2	69	0096aaf0	ProcessArray::RemoveActor	open	-	
3154	2	70	0040fbf0		open	-	
3160	2	71	0040fba0		open	-	
3162	2	72	00440d80		open	-	
3163	2	73	00440da0		open	-	
3164	2	74	008d8520	MiddleHighProcess::GetSavedAcquireObject	open	-	
3165	2	75	0078d200		open	-	
3169	2	76	00931850	MobileObject::GetCurrentProcessType	open	-	
3171	2	77	0096aaf0	ProcessArray::RemoveActor	open	-	
3174	2	78	00931e80		open	world::frame::world_time	
3175	2	79	0040fba0		open	-	
3177	2	80	008d8520	MiddleHighProcess::GetSavedAcquireObject	open	-	
3178	2	81	008d8520	MiddleHighProcess::GetSavedAcquireObject	open	-	
3179	2	82	008d8520	MiddleHighProcess::GetSavedAcquireObject	open	-	
3180	2	83	0041ca90		open	-	
3181	2	84	0041ca90		open	-	
3182	2	85	008d8520	MiddleHighProcess::GetSavedAcquireObject	open	-	
3183	2	86	008d8520	MiddleHighProcess::GetSavedAcquireObject	open	-	
3184	2	87	0045cd60		open	-	
3185	2	88	0096a970	ProcessArray::AddActor	open	world::frame::world_time	
3192	2	89	0044ddc0		open	-	
3193	2	90	006815c0		open	-	
3194	2	91	006815c0		open	-	
3195	2	92	00726070		open	-	
3196	1	68	0096e9b0	ProcessLists::UpdateFollowerTempList	open	world::frame	
3197	2	1	006815c0		open	-	
3198	2	2	006815c0		open	-	
3199	2	3	006815c0		open	-	
3200	2	4	00576d30		open	-	
3201	2	5	008d8520	MiddleHighProcess::GetSavedAcquireObject	open	-	
3202	2	6	008d8520	MiddleHighProcess::GetSavedAcquireObject	open	-	
3203	2	7	00881650	Actor::GetCurrentPackageTarget	open	-	
3205	2	8	008d8520	MiddleHighProcess::GetSavedAcquireObject	open	-	
3206	2	9	0041ca90		open	-	
3207	2	10	00881650	Actor::GetCurrentPackageTarget	open	-	
3209	2	11	008d8520	MiddleHighProcess::GetSavedAcquireObject	open	-	
3210	2	12	008bc790	Actor::AddFollower	open	world::frame::world_time	
3213	2	13	00726070		open	-	
3214	1	69	0040fba0		open	world::frame	
3215	2	1	0040fbe0	Error	open	-	
3216	1	70	00446ef0		open	world::frame	
3217	1	71	00878080		open	world::frame	
3218	2	1	0044b130		open	-	
3219	2	2	00401020		open	-	
3220	2	3	00878110		open	-	
3221	2	4	00401020		open	-	
3222	2	5	00878110		open	-	
3223	2	6	00401020		open	-	
3224	2	7	00866a90		open	-	
3258	2	8	00401020		open	-	
3259	2	9	00878130		open	-	
3260	2	10	0082f1f0		open	-	
3261	1	72	0086ef60		open	world::frame	
3262	1	73	00a61cd0	BSTexturePalette::PurgeUnusedTextures	open	world::frame	
3263	2	1	0040fbf0		open	-	
3269	2	2	00a616e0		open	-	
3270	2	3	00a619b0		open	-	
3271	2	4	00a61670	BSEntryMap::Remove	open	-	
3273	2	5	00a61890	BSTexMap::Remove	open	-	
3277	1	74	00868850	GarbageCollector::Update	open	world::frame	
3278	2	1	00867f50		open	world::frame::world_time	
3280	2	2	00446ef0		open	-	
3281	2	3	00878360		open	-	
3282	2	4	00658930		open	-	
3283	2	5	00868250		open	-	
3285	2	6	00658930		open	-	
3286	2	7	00877a30		open	-	
3287	2	8	009e98d0		open	-	
3288	2	9	00418d20		open	world::frame::world_time	
3291	2	10	004aaf10		open	world::frame::world_time	
3293	2	11	00658930		open	-	
3294	2	12	00868250		open	-	
3296	2	13	00658930		open	-	
3297	2	14	00877a30		open	-	
3298	2	15	009e98d0		open	-	
3299	2	16	00418e00	NiTArray<BipedAnim_P_NiTNewInterface<BipedAnim_P>_>::SetSize	open	world::frame::world_time	
3302	2	17	004aaf10		open	world::frame::world_time	
3304	2	18	00658930		open	-	
3305	2	19	008694c0		open	world::frame::world_time	
3309	2	20	005e03d0		open	world::frame::world_time	
3310	2	21	00658930		open	-	
3311	2	22	00658930		open	-	
3312	2	23	00869260	NiTArray<NiPointer<NiAVObject>_NiTNewInterface<NiPointer<NiAVObject>_>_>::RemoveAt	open	-	
3323	2	24	0052aa80		open	-	
3324	2	25	00868ce0		open	world::frame::world_time	
3326	2	26	0045cec0		open	-	
3328	2	27	00658930		open	-	
3329	2	28	00869420		open	world::frame::world_time	
3336	2	29	004dffa0	NiTArray<NiPointer<BSTempEffect>_NiTNewInterface<NiPointer<BSTempEffect>_>_>::RemoveAll	open	world::frame::world_time	
3340	2	30	00658930		open	-	
3341	2	31	00868250		open	-	
3343	2	32	00658930		open	-	
3344	2	33	00877a30		open	-	
3345	2	34	00564d80		open	-	
3347	2	35	004aaf10		open	world::frame::world_time	
3349	2	36	00658930		open	-	
3350	2	37	008694c0		open	world::frame::world_time	
3354	2	38	005e03d0		open	world::frame::world_time	
3355	2	39	0044ddc0		open	-	
3356	2	40	0044ddc0		open	-	
3357	2	41	00877a30		open	-	
3358	2	42	00401970		open	world::frame::world_time	
3360	2	43	006bf8f0	BSSimpleArray<ItemChange_P_1024>::Remove	open	-	
3369	2	44	0044ddc0		open	-	
3370	2	45	00869510		open	world::frame::world_time	
3374	2	46	008454f0		open	world::frame::world_time	
3377	2	47	00867f80		open	world::frame::world_time	
3379	1	75	00868d10	GarbageCollector::ClearTempEffects	open	world::frame	
3380	2	1	00658930		open	-	
3381	2	2	00868250		open	-	
3383	2	3	00867f50		open	world::frame::world_time	
3385	2	4	004dffa0	NiTArray<NiPointer<BSTempEffect>_NiTNewInterface<NiPointer<BSTempEffect>_>_>::RemoveAll	open	world::frame::world_time	
3389	2	5	004aaf10		open	world::frame::world_time	
3391	2	6	00867f80		open	world::frame::world_time	
3393	1	76	00524c90		open	world::frame	
3394	2	1	00559450		open	-	
3395	2	2	006629f0	BSFaceGenNiNode::GetAnimationData	open	-	
3397	1	77	006652e0	BSTreeManager::Update	partial	world::frame	world_time::TREE_MANAGER_UPDATE (the wind update 006658b0 is speedtree::wind, viewer: trees::blow_wind; the camera's axes in trees::sway_trees)
3398	2	1	006815c0		open	-	
3399	2	2	0084d030		open	-	
3400	2	3	00b07060		open	world::frame::world_time	
3402	2	4	0045bb80		open	-	
3403	2	5	0045bb80		open	-	
3404	2	6	0045bb80		open	-	
3405	2	7	0045bba0		open	-	
3408	2	8	004a3760		open	-	
3410	2	9	00b06c10	CSpeedTreeRT::SetCamera	partial	world::frame::world_time	viewer: trees::sway_trees (the camera's axes for the leaves)
3416	2	10	008d8520	MiddleHighProcess::GetSavedAcquireObject	open	-	
3417	2	11	005f36f0	ActorMover::GetPreferredMoveMode	open	-	
3418	2	12	00664840		open	-	
3420	2	13	008d8520	MiddleHighProcess::GetSavedAcquireObject	open	-	
3421	2	14	004536e0		open	world::frame::world_time	
3422	2	15	00664840		open	-	
3424	2	16	00664840		open	-	
3426	2	17	00559450		open	-	
3427	2	18	008d8520	MiddleHighProcess::GetSavedAcquireObject	open	-	
3428	2	19	00450570		open	-	
3430	2	20	008d8520	MiddleHighProcess::GetSavedAcquireObject	open	-	
3431	2	21	00450570		open	-	
3433	2	22	00891170		open	-	
3434	2	23	00664840		open	-	
3436	2	24	00559450		open	-	
3437	2	25	004534f0		open	-	
3438	2	26	00664840		open	-	
3440	2	27	00559450		open	-	
3441	2	28	004534f0		open	-	
3442	2	29	00664840		open	-	
3444	2	30	00559450		open	-	
3445	2	31	004bc450		open	world::frame::world_time	
3447	2	32	00664840		open	-	
3449	2	33	006658b0		partial	world::frame::world_time	speedtree::wind (viewer: trees::blow_wind)
3469	2	34	0043d4d0		open	-	
3470	2	35	00664720		open	world::frame::world_time	
3471	2	36	00403e20		open	-	
3472	2	37	00665520		open	world::frame::world_time	
3473	1	78	0086fbe0	Main::OnIdle_UpdateCurrentGridCell	partial	world::frame	world_time::UPDATE_CURRENT_GRID_CELL (world::ref_scripts has its grid-move test; viewer: exterior::stream_squares and the distant land at its sub-steps)
3474	2	1	00436aa0		open	world::frame::world_time	
3475	2	2	00452580	TES::UpdateCurrentGridCell	partial	world::frame::world_time	world::ref_scripts (its grid-move test only)
3573	2	3	00451530		open	world::frame::world_time	
3574	2	4	005f36f0	ActorMover::GetPreferredMoveMode	open	world::frame::world_time	
3575	2	5	00575d70	TESObjectREFR::GetWorldSpace	open	world::frame::world_time	
3578	2	6	004fd3e0	TES::GetWorldSpace	open	world::frame::world_time	
3579	1	79	0043d4d0		open	world::frame	
3580	1	80	0086fd70	Main::OnIdle_DoInterfaceIdle	partial	world::frame	interface::DO_INTERFACE_IDLE_STEPS and the interface manager's PreIdleStuff, Idle and PostIdleStuff (viewer: the menus, the HUD and the Pip-Boy at frame_order::InterfaceSet, where the AI thread makes the call)
3581	2	1	007027e0	Interface::PreIdleStuff	open	world::frame::interface	
3587	2	2	00702810	Interface::Idle	partial	world::frame::interface	viewer: the menus' systems (game_menus' chain, the Pip-Boy's keys, the rendered terminal, menus::run_menus, V.A.T.S.'s and the lock's menus) at InterfaceManager::Idle's call, outside its sub-steps' gates (they handle the game's mode themselves), in the viewer's own order; game_menus::run_open_menus also moves the fades on (PreIdleStuff's 00716320) and ends them (PostIdleStuff)
3593	2	3	00702840	Interface::PostIdleStuff	open	world::frame::interface	
3599	1	81	00483710		open	world::frame	
3600	1	82	0049fef0	BGSDecalManager::GetInstance	open	world::frame	
3601	2	1	00401000		open	-	
3604	2	2	0049fcd0		open	-	
3616	1	83	0049fff0	BGSDecalManager::UpdateDecals	open	world::frame	
3617	2	1	004a0010		open	-	
3618	2	2	004a0030	BGSDecalManager::UpdateSimpleDecals	open	-	
3656	2	3	004a03f0	BGSDecalManager::UpdateDecalEmitters	open	-	
3663	1	84	00524c90		open	world::frame	
3664	2	1	00559450		open	-	
3665	2	2	006629f0	BSFaceGenNiNode::GetAnimationData	open	-	
3667	1	85	00712e60		open	world::frame	
3668	1	86	0044ddc0		open	world::frame	
3669	1	87	00710ab0		open	world::frame	
3670	1	88	0045c670		open	world::frame	
3671	2	1	00559450		open	-	
3672	1	89	00c52020	BSSceneGraph::SetCameraFOV	open	world::frame	
3673	2	1	00a71b70	NiFrustum::NiFrustum	open	-	
3674	2	2	004dee70		open	-	
3676	2	3	004dee10		open	-	
3678	2	4	00eca590		open	-	
3680	2	5	00eca590		open	-	
3682	2	6	00eca590		open	-	
3684	2	7	00eca590		open	-	
3686	2	8	00a6faf0	NiCamera::SetViewFrustum	open	-	
3687	2	9	00a59c60		open	-	
3688	1	90	00710ab0		open	world::frame	
3689	1	91	00b54000	BSShaderManager::SetFOV	open	world::frame	
3690	2	1	00eca0a0		open	-	
3694	2	2	00ec9f70		open	-	
3698	2	3	00eca0a0		open	-	
3702	2	4	00ec9f70		open	-	
3706	1	92	00559450		open	world::frame	
3707	1	93	006629f0	BSFaceGenNiNode::GetAnimationData	open	world::frame	
3708	2	1	00559450		open	-	
3709	1	94	0045bc80	TES::ResetAllMultiBoundNodes	open	world::frame	
3710	2	1	00456fc0		open	-	
3713	2	2	0043b480		open	-	
3715	2	3	0043b4a0		open	-	
3718	2	4	006629f0	BSFaceGenNiNode::GetAnimationData	open	-	
3720	2	5	0043b230		open	-	
3722	2	6	00528820		open	-	
3723	2	7	004fd3e0	TES::GetWorldSpace	open	-	
3724	2	8	004fd3e0	TES::GetWorldSpace	open	-	
3725	2	9	00586170	TESWorldSpace::GetTerrainManager	open	-	
3729	2	10	006fd130		open	-	
3732	2	11	0043d4d0		open	-	
3733	2	12	0043d4d0		open	-	
3734	2	13	004ba490	GridCellArray::Get	open	-	
3737	2	14	00456fc0		open	-	
3740	2	15	0043b480		open	-	
3742	2	16	0043b4a0		open	-	
3745	2	17	006629f0	BSFaceGenNiNode::GetAnimationData	open	-	
3747	2	18	0043b230		open	-	
3749	2	19	00528820		open	-	
3750	2	20	00456fc0		open	-	
3753	2	21	0043b480		open	-	
3755	2	22	0043b4a0		open	-	
3758	2	23	006629f0	BSFaceGenNiNode::GetAnimationData	open	-	
3760	2	24	0043b230		open	-	
3762	2	25	00528820		open	-	
3763	2	26	00450b80		open	-	
3764	2	27	0045bc00		open	-	
3768	2	28	0043b480		open	-	
3770	2	29	0043b4a0		open	-	
3773	2	30	006629f0	BSFaceGenNiNode::GetAnimationData	open	-	
3775	2	31	0043b230		open	-	
3777	2	32	00528820		open	-	
3778	2	33	00450b80		open	-	
3779	2	34	00454b30		open	-	
3780	2	35	00450b80		open	-	
3781	2	36	00454b30		open	-	
3782	2	37	00413f40		open	-	
3783	2	38	00559450		open	-	
3784	2	39	00450b80		open	-	
3785	2	40	00454b30		open	-	
3786	2	41	00413f40		open	-	
3787	2	42	0057cbe0		open	-	
3788	2	43	0045c4a0		open	-	
3789	2	44	00450b80		open	-	
3790	2	45	00454b30		open	-	
3791	2	46	00891170		open	-	
3792	2	47	0076b610		open	-	
3793	2	48	00559450		open	-	
3794	2	49	0057cbe0		open	-	
3795	2	50	00559a40		open	-	
3797	2	51	00559450		open	-	
3798	2	52	00559450		open	-	
3799	2	53	00559450		open	-	
3800	2	54	0045c570		open	-	
3809	2	55	00559450		open	-	
3810	2	56	0045c4e0		open	-	
3812	2	57	00559450		open	-	
3813	2	58	006ab360		open	-	
3814	2	59	00559450		open	-	
3815	2	60	00559450		open	-	
3816	2	61	006ab360		open	-	
3817	2	62	0057cbe0		open	-	
3818	2	63	0045c4a0		open	-	
3819	2	64	0045c4c0		open	-	
3821	2	65	004f9bf0		open	-	
3822	2	66	0045c4c0		open	-	
3824	2	67	004f9bf0		open	-	
3825	2	68	00c47980	BSCompoundFrustum::SetCamera	open	-	
3827	2	69	00559450		open	-	
3828	2	70	00514f30		open	-	
3829	2	71	00559450		open	-	
3830	2	72	00559450		open	-	
3831	2	73	00514f30		open	-	
3832	2	74	0057cbe0		open	-	
3833	2	75	0045c4a0		open	-	
3834	2	76	0045cec0		open	-	
3836	2	77	0070ec90	DetailedActorPathHandler::GetCurrentNodeIndex	open	-	
3837	2	78	0070ec90	DetailedActorPathHandler::GetCurrentNodeIndex	open	-	
3838	2	79	005a8080		open	-	
3839	2	80	00559450		open	-	
3840	2	81	0070ec90	DetailedActorPathHandler::GetCurrentNodeIndex	open	-	
3841	2	82	005a8080		open	-	
3842	2	83	007b52d0		open	-	
3843	2	84	0070ec90	DetailedActorPathHandler::GetCurrentNodeIndex	open	-	
3844	2	85	005a8080		open	-	
3845	2	86	006317a0		open	-	
3846	2	87	00559450		open	-	
3847	2	88	007b52d0		open	-	
3848	2	89	006317a0		open	-	
3849	2	90	007af430	BGSSaveFormBuffer::GetForm	open	-	
3850	2	91	0043b4a0		open	-	
3853	2	92	0045bad0		open	-	
3855	2	93	0043b4a0		open	-	
3858	2	94	006629f0	BSFaceGenNiNode::GetAnimationData	open	-	
3860	2	95	0043b230		open	-	
3862	2	96	00528820		open	-	
3863	2	97	0070ec90	DetailedActorPathHandler::GetCurrentNodeIndex	open	-	
3864	2	98	006733e0	LowProcess::GetSecondGenericLocation	open	-	
3865	2	99	00559450		open	-	
3866	2	100	007b52d0		open	-	
3867	2	101	006317a0		open	-	
3868	2	102	007af430	BGSSaveFormBuffer::GetForm	open	-	
3869	2	103	0043b4a0		open	-	
3872	2	104	0045bad0		open	-	
3874	2	105	0043b4a0		open	-	
3877	2	106	006629f0	BSFaceGenNiNode::GetAnimationData	open	-	
3879	2	107	0043b230		open	-	
3881	2	108	00528820		open	-	
3882	1	95	00450b80		open	world::frame	
3883	1	96	00b5ac90	ShadowSceneNode::UpdateOcclusionPlaneVisibility	open	world::frame	
3884	2	1	00a69400		open	-	
3887	2	2	00a694a0		open	-	
3889	2	3	00a69940	NiPlane::NiPlane	open	-	
3890	2	4	00c33cf0	BSOcclusionPlane::WithinFrustum	open	-	
3904	2	5	00c358a0	BSOcclusionPlane::ViewerOnCorrectSide	open	-	
3910	2	6	00a693e0		open	-	
3911	1	97	0045b070	TES::UpdateMultiBoundVisibility	open	world::frame	
3912	2	1	00483710		open	-	
3913	2	2	00a69400		open	-	
3916	2	3	0041fd00	NonActorMagicCaster::SetCurrentSpell	open	-	
3917	2	4	0045bbe0		open	-	
3918	2	5	00a694a0		open	-	
3920	2	6	0045bb80		open	-	
3921	2	7	00450b80		open	-	
3922	2	8	00456fc0		open	-	
3925	2	9	0043b480		open	-	
3927	2	10	0043b4a0		open	-	
3930	2	11	00b5bbe0		open	-	
3932	2	12	004fd3e0	TES::GetWorldSpace	open	-	
3933	2	13	004fd3e0	TES::GetWorldSpace	open	-	
3934	2	14	00586170	TESWorldSpace::GetTerrainManager	open	-	
3938	2	15	006fd080		open	-	
3946	2	16	0043d4d0		open	-	
3947	2	17	0043d4d0		open	-	
3948	2	18	004ba490	GridCellArray::Get	open	-	
3951	2	19	00456fc0		open	-	
3954	2	20	0043b480		open	-	
3956	2	21	0043b4a0		open	-	
3959	2	22	00b5bbe0		open	-	
3961	2	23	00456fc0		open	-	
3964	2	24	0043b480		open	-	
3966	2	25	0043b4a0		open	-	
3969	2	26	00b5bbe0		open	-	
3971	2	27	0045bc00		open	-	
3975	2	28	0043b480		open	-	
3977	2	29	0043b4a0		open	-	
3980	2	30	00b5bbe0		open	-	
3982	2	31	0070ec90	DetailedActorPathHandler::GetCurrentNodeIndex	open	-	
3983	2	32	0070ec90	DetailedActorPathHandler::GetCurrentNodeIndex	open	-	
3984	2	33	005a8080		open	-	
3985	2	34	00559450		open	-	
3986	2	35	0070ec90	DetailedActorPathHandler::GetCurrentNodeIndex	open	-	
3987	2	36	005a8080		open	-	
3988	2	37	007b52d0		open	-	
3989	2	38	0070ec90	DetailedActorPathHandler::GetCurrentNodeIndex	open	-	
3990	2	39	005a8080		open	-	
3991	2	40	006317a0		open	-	
3992	2	41	00559450		open	-	
3993	2	42	007b52d0		open	-	
3994	2	43	006317a0		open	-	
3995	2	44	007af430	BGSSaveFormBuffer::GetForm	open	-	
3996	2	45	0043b4a0		open	-	
3999	2	46	0045bad0		open	-	
4001	2	47	0043b4a0		open	-	
4004	2	48	00b5bbe0		open	-	
4006	2	49	0070ec90	DetailedActorPathHandler::GetCurrentNodeIndex	open	-	
4007	2	50	006733e0	LowProcess::GetSecondGenericLocation	open	-	
4008	2	51	00559450		open	-	
4009	2	52	007b52d0		open	-	
4010	2	53	006317a0		open	-	
4011	2	54	007af430	BGSSaveFormBuffer::GetForm	open	-	
4012	2	55	0043b4a0		open	-	
4015	2	56	0045bad0		open	-	
4017	2	57	0043b4a0		open	-	
4020	2	58	00b5bbe0		open	-	
4022	2	59	00450b80		open	-	
4023	2	60	00454b30		open	-	
4024	2	61	00450b80		open	-	
4025	2	62	00454b30		open	-	
4026	2	63	0045bc60		open	-	
4028	2	64	00450b80		open	-	
4029	2	65	00454b30		open	-	
4030	2	66	0056c7f0		open	-	
4032	2	67	00633c90		open	-	
4034	2	68	0045bbe0		open	-	
4035	2	69	0045bba0		open	-	
4038	2	70	0045bb20		open	-	
4040	2	71	0045bb80		open	-	
4041	2	72	00439e90		open	-	
4043	2	73	00559450		open	-	
4044	2	74	00559450		open	-	
4045	2	75	0066b0d0		open	-	
4048	2	76	005d8a70		open	-	
4049	2	77	0084e3a0		open	-	
4050	2	78	00559450		open	-	
4051	2	79	00b5f170	ShadowSceneNode::UpdateRoomAndPortalVisibility	open	-	
4115	2	80	00559450		open	-	
4116	2	81	00454b30		open	-	
4117	2	82	00891170		open	-	
4118	2	83	0076b610		open	-	
4119	2	84	00559450		open	-	
4120	2	85	0057cbe0		open	-	
4121	2	86	00559450		open	-	
4122	2	87	005d8a70		open	-	
4123	2	88	0084e3a0		open	-	
4124	2	89	00b5f170	ShadowSceneNode::UpdateRoomAndPortalVisibility	open	-	
4188	2	90	00559450		open	-	
4189	2	91	0066b0d0		open	-	
4192	2	92	00559450		open	-	
4193	2	93	005d8a70		open	-	
4194	2	94	0084e3a0		open	-	
4195	2	95	00b5f170	ShadowSceneNode::UpdateRoomAndPortalVisibility	open	-	
4259	2	96	00559450		open	-	
4260	2	97	00454b30		open	-	
4261	2	98	0045bc40		open	-	
4263	2	99	0045cec0		open	-	
4265	2	100	00483710		open	-	
4266	2	101	00a693e0		open	-	
4267	1	98	0043d4d0		open	world::frame	
4268	1	99	008c80e0	AILinearTaskThreadManager::SetMainRendering	open	world::frame	
4269	2	1	008c80c0	AILinearTaskThreadManager::SignalRenderSema	open	-	
4271	1	100	00713d80		open	world::frame	
4272	1	101	008c78c0	AILinearTaskThreadManager::StartThreads	open	world::frame	
4273	2	1	008c9fb0		open	-	
4275	1	102	008ca070	AITaskManager::StartTasksDuringRendering	open	world::frame	
4276	2	1	0043d4d0		open	-	
4277	2	2	00408d60		open	-	
4278	2	3	00408d60		open	-	
4279	2	4	00717e50	BaseProcess::GetActorPackageThatIsRunning	open	-	
4280	2	5	005be5c0		open	-	
4281	2	6	00717e50	BaseProcess::GetActorPackageThatIsRunning	open	-	
4282	2	7	005be5c0		open	-	
4283	2	8	00408d60		open	-	
4284	2	9	008c9a20		open	-	
4285	2	10	008ca010		open	-	
4286	2	11	00408d60		open	-	
4287	2	12	008c9a20		open	-	
4288	2	13	008ca010		open	-	
4289	2	14	00408d60		open	-	
4290	2	15	00717e50	BaseProcess::GetActorPackageThatIsRunning	open	-	
4291	2	16	00968670		open	-	
4293	2	17	008c9a50		open	-	
4294	2	18	008ca010		open	-	
4295	2	19	00408d60		open	-	
4296	2	20	00717e50	BaseProcess::GetActorPackageThatIsRunning	open	-	
4297	2	21	00968670		open	-	
4299	2	22	008c9a50		open	-	
4300	2	23	008ca010		open	-	
4301	2	24	00408d60		open	-	
4302	2	25	008ca040		open	-	
4304	2	26	00408d60		open	-	
4305	2	27	008ca040		open	-	
4307	2	28	00408d60		open	-	
4308	2	29	00408d60		open	-	
4309	2	30	008c9a80		open	-	
4310	2	31	00408d60		open	-	
4311	2	32	008c9a80		open	-	
4312	2	33	008ca2e0		open	-	
4314	2	34	00408d60		open	-	
4315	2	35	008c8240	MobileObjectTaskletData::RunToCompletion	open	-	
4318	2	36	00408d60		open	-	
4319	2	37	008c8240	MobileObjectTaskletData::RunToCompletion	open	-	
4322	1	103	0086fc60	Main::OnIdle_UpdateAnimationsAndEffects	open	world::frame	
4323	2	1	0043d4d0		open	-	
4324	2	2	0084d030		open	-	
4325	2	3	009746c0	ProcessLists::UpdateTempEffectsParallel	open	world::frame::ai_stage	
4361	2	4	0084d030		open	-	
4362	2	5	00974420	ProcessLists::UpdateTempEffects	open	world::frame::ai_stage	
4385	2	6	0043d4d0		open	-	
4386	2	7	00453550	TES::UpdateCellAnimations	open	world::frame::ai_stage	
4411	2	8	004537c0	TES::UpdateCellMainThread	open	world::frame::ai_stage	
4420	2	9	0043d410		open	-	
4421	2	10	0043d4d0		open	-	
4422	2	11	0045a190		open	-	
4424	2	12	00c50610	BSParticleSystemManager::UpdateParallel	open	world::frame::ai_stage	
4434	2	13	0045a190		open	-	
4436	2	14	00c50610	BSParticleSystemManager::UpdateParallel	open	world::frame::ai_stage	
4446	1	104	0043d4d0		open	world::frame	
4447	1	105	0086fd70	Main::OnIdle_DoInterfaceIdle	partial	world::frame	interface::DO_INTERFACE_IDLE_STEPS and the interface manager's PreIdleStuff, Idle and PostIdleStuff (viewer: the menus, the HUD and the Pip-Boy at frame_order::InterfaceSet, where the AI thread makes the call)
4448	2	1	007027e0	Interface::PreIdleStuff	open	world::frame::interface	
4454	2	2	00702810	Interface::Idle	partial	world::frame::interface	viewer: the menus' systems (game_menus' chain, the Pip-Boy's keys, the rendered terminal, menus::run_menus, V.A.T.S.'s and the lock's menus) at InterfaceManager::Idle's call, outside its sub-steps' gates (they handle the game's mode themselves), in the viewer's own order; game_menus::run_open_menus also moves the fades on (PreIdleStuff's 00716320) and ends them (PostIdleStuff)
4460	2	3	00702840	Interface::PostIdleStuff	open	world::frame::interface	
4466	1	106	00702360	Interface::IsInMenuMode	open	world::frame	
4467	2	1	004b7210		open	-	
4468	2	2	004b7210		open	-	
4469	2	3	009373f0		open	-	
4470	2	4	004b7210		open	-	
4471	2	5	007023a0		open	-	
4472	1	107	007058e0	Interface::LastMinuteUpdate	open	world::frame	
4473	2	1	004b7210		open	-	
4474	2	2	004b7210		open	-	
4475	2	3	009373f0		open	-	
4476	2	4	004b7210		open	-	
4477	2	5	00713c70	InterfaceManager::LastMinuteUpdate	open	world::frame::interface	
4499	1	108	0047d0b0	PathManager::QInstance	open	world::frame	
4500	2	1	006eb820	PathManager::PathManager	open	-	
4502	2	2	00ec658f	_atexit	open	-	
4504	1	109	006ebc50	PathManager::Update	open	world::frame	
4505	2	1	006eae40	PathManagerImpl::Update	open	-	
4547	1	110	00552ba0		open	world::frame	
4548	1	111	006a61b0	NavMeshRender::Update	open	world::frame	
4549	2	1	00559450		open	-	
4550	2	2	00559450		open	-	
4551	2	3	009611e0		open	-	
4552	2	4	00559450		open	-	
4553	2	5	009611e0		open	-	
4554	2	6	00559450		open	-	
4555	2	7	00559450		open	-	
4556	2	8	00559450		open	-	
4557	2	9	009611e0		open	-	
4558	2	10	00559450		open	-	
4559	2	11	009611e0		open	-	
4560	2	12	00559450		open	-	
4561	2	13	0066b0d0		open	-	
4564	2	14	0066b0d0		open	-	
4567	1	112	0043d4d0		open	world::frame	
4568	1	113	00408d60		open	world::frame	
4569	1	114	006c0720	NavMeshObstacleManager::GetInstance	open	world::frame	
4570	2	1	00404eb0		open	-	
4572	2	2	006c02c0	NavMeshObstacleManager::NavMeshObstacleManager	open	-	
4597	2	3	00ec658f	_atexit	open	-	
4599	2	4	00404ee0		open	-	
4601	1	115	006c3640	NavMeshObstacleManager::Update	open	world::frame	
4602	2	1	00404eb0		open	-	
4604	2	2	00408d60		open	-	
4605	2	3	00404ee0		open	-	
4607	2	4	004538a0		open	-	
4609	2	5	00483710		open	-	
4610	2	6	0084d030		open	-	
4611	2	7	006c47e0		open	-	
4625	2	8	006c45e0		open	-	
4647	2	9	006c4fb0		open	-	
4672	2	10	006c5190		open	-	
4710	2	11	006c4970		open	-	
4716	2	12	006c4900		open	-	
4722	2	13	006c4c30		open	-	
4734	2	14	006c4ad0		open	-	
4750	2	15	006c49e0		open	-	
4758	2	16	006c4d30		open	-	
4779	2	17	006c3920		open	-	
4783	2	18	006c3970		open	-	
4787	2	19	0084e3a0		open	-	
4788	2	20	0047d0b0	PathManager::QInstance	open	-	
4791	2	21	006ebc70		open	-	
4793	2	22	0047d0b0	PathManager::QInstance	open	-	
4796	2	23	006ebc90		open	-	
4798	2	24	006c3920		open	-	
4802	2	25	006c3970		open	-	
4806	2	26	006c3ba0	NavMeshObstacleManager::ReconnectPortals	open	-	
4880	2	27	006c44d0		open	-	
4884	2	28	006c4540		open	-	
4889	2	29	006c4ec0		open	-	
4898	2	30	0047d0b0	PathManager::QInstance	open	-	
4901	2	31	006ebcd0		open	-	
4903	2	32	00552ba0		open	-	
4904	2	33	00552bb0		open	-	
4905	2	34	00552ba0		open	-	
4906	2	35	006a5ca0	NavMeshRender::UpdateRenderOnlyNavMeshes	open	-	
4921	2	36	00483710		open	-	
4922	2	37	004538c0	RtlLeaveCriticalSection	open	-	
4924	2	38	00404ee0		open	-	
4926	1	116	00991500	CombatManager::Update	open	world::frame	
4927	2	1	00404eb0		open	-	
4929	2	2	0084d030		open	-	
4930	2	3	009915e0		open	-	
4931	2	4	00658930		open	-	
4932	2	5	00877a30		open	-	
4933	2	6	00986c40		open	-	
4935	2	7	00986150	CombatGroup::Update	open	-	
4956	2	8	009a50b0	CombatThreatMap::UpdateThreats	open	-	
4965	2	9	00404ee0		open	-	
4967	1	117	00714a00		open	world::frame	
4968	1	118	00a81a80		open	world::frame	
4969	2	1	00a81a40		open	-	
4970	2	2	00a81a40		open	-	
4971	2	3	00714900		open	-	
4973	1	119	007023c0	Interface::GetTopMenuID	open	world::frame	
4974	2	1	004b7210		open	-	
4975	2	2	004b7210		open	-	
4976	2	3	009373f0		open	-	
4977	2	4	004b7210		open	-	
4978	2	5	00714f00	InterfaceManager::GetEnterStackTop	open	-	
4979	1	120	007056f0	Interface::UpdateSleeping	partial	world::frame	interface::UPDATE_SLEEPING_STEPS (viewer: game_menus::update_sleeping)
4980	2	1	00705770		open	-	
4981	2	2	00a09030	Tile::GetMenuByClass	open	world::frame::interface	
4982	2	3	00a03c90	Tile::GetMenu	open	world::frame::interface	
4987	2	4	004b7210		open	-	
4988	2	5	004b7210		open	-	
4989	2	6	009373f0		open	-	
4990	2	7	007c0580	SleepWaitMenu::UpdateSleeping	partial	world::frame::interface	viewer: game_menus::update_sleeping (sleepwait::update_sleeping)
5008	1	121	00871dc0	Main::RenderMenuBackground	partial	world::frame	interface::RENDER_MENU_BACKGROUND_STEPS (viewer: menu_background::redraw, a new capture)
5009	2	1	00404eb0		open	-	
5011	2	2	008d6f30		open	-	
5012	2	3	00404ee0		open	-	
5014	2	4	0043c4b0		open	-	
5015	2	5	004a0370		open	-	
5019	2	6	00a044f0	Tile::Lock	open	-	
5020	2	7	004ea970		open	-	
5021	2	8	00ba2f30		open	-	
5022	2	9	00559450		open	-	
5023	2	10	00559450		open	-	
5024	2	11	004a0ea0		open	-	
5025	2	12	00b6da10	BSTextureManager::ReturnRenderedTexture	open	-	
5055	2	13	0043c4b0		open	-	
5056	2	14	004a0ea0		open	-	
5057	2	15	00b6e110		open	-	
5085	2	16	0066b0d0		open	-	
5088	2	17	0043c4b0		open	-	
5089	2	18	00559450		open	-	
5090	2	19	00872370		open	-	
5093	2	20	0043c4b0		open	-	
5094	2	21	00559450		open	-	
5095	2	22	008723d0		open	-	
5098	2	23	0043c4b0		open	-	
5099	2	24	00559450		open	-	
5100	2	25	00872370		open	-	
5103	2	26	0040ebd0		open	-	
5104	2	27	0043c4b0		open	-	
5105	2	28	00559450		open	-	
5106	2	29	008723d0		open	-	
5109	2	30	0040ebd0		open	-	
5110	2	31	00414430		open	-	
5111	2	32	00524c90		open	-	
5114	2	33	00712e60		open	-	
5115	2	34	00524c90		open	-	
5118	2	35	00712e60		open	-	
5119	2	36	004b7210		open	-	
5120	2	37	00718ab0	InterfaceManager::GetCurrentImagespaceMod	partial	world::frame::interface	world::menu_background::modifier
5131	2	38	005d2860	TESImageSpaceModifier::GetGetHit	open	-	
5134	2	39	00529c90	ImageSpaceModifierInstanceForm::Stop	open	world::frame::interface	
5150	2	40	005299a0	ImageSpaceModifierInstanceForm::Trigger	open	world::frame::interface	
5164	2	41	0086fd90	Main::OnIdle_UpdateImageSpace	open	world::frame::interface	
5188	2	42	00705a00	Interface::IsInPipboyMenu	open	-	
5194	2	43	00702680	Interface::IsMenuIDVisible	open	-	
5209	2	44	00559450		open	-	
5210	2	45	008706b0		partial	world::frame::interface	viewer: menu_background::redraw (a new capture of Bevy's picture, grade's background pass)
5222	2	46	00702680	Interface::IsMenuIDVisible	open	-	
5237	2	47	004a4040		open	-	
5239	2	48	004a0eb0		open	-	
5242	2	49	00707ad0	Interface::GetCurrentRenderedMenu	open	-	
5245	2	50	008b6200		open	-	
5247	2	51	0041fd00	NonActorMagicCaster::SetCurrentSpell	open	-	
5248	2	52	00559450		open	-	
5249	2	53	004a0fd0		open	-	
5251	2	54	00450b80		open	-	
5252	2	55	00559450		open	-	
5253	2	56	004a1020		open	-	
5254	2	57	00707ad0	Interface::GetCurrentRenderedMenu	open	-	
5257	2	58	005585e0		open	-	
5259	2	59	00b6bee0	BSShaderUtil::AccumulateScene	open	world::frame::interface	
5263	2	60	00559450		open	-	
5264	2	61	00b6c0d0		open	-	
5267	2	62	004a0fd0		open	-	
5269	2	63	004a0f60	BSCullingProcess::~BSCullingProcess	open	-	
5272	2	64	00529c90	ImageSpaceModifierInstanceForm::Stop	open	world::frame::interface	
5288	2	65	0086fd90	Main::OnIdle_UpdateImageSpace	open	world::frame::interface	
5312	2	66	004ea970		open	-	
5313	2	67	00ba30f0	MTRenderingSystem::SetThreadStage	open	-	
5314	2	68	004ea970		open	-	
5315	2	69	00ba3130		open	-	
5316	2	70	004ea970		open	-	
5317	2	71	00ba2fa0		open	-	
5318	2	72	00414430		open	-	
5319	2	73	00524c90		open	-	
5322	2	74	00712e60		open	-	
5323	2	75	00a04500	Tile::Unlock	open	-	
5324	2	76	0043c4b0		open	-	
5325	2	77	004a03c0		open	-	
5329	2	78	00404ee0		open	-	
5331	1	122	0057ab70		open	world::frame	
5332	2	1	004b9ba0		open	-	
5333	2	2	006b7f20		open	-	
5334	2	3	008d6f30		open	-	
5335	2	4	005497a0		open	-	
5337	2	5	009611e0		open	-	
5338	2	6	008d6f30		open	-	
5339	2	7	00545960		open	-	
5348	2	8	009611e0		open	-	
5349	2	9	00569ae0		open	-	
5353	2	10	00438af0		open	-	
5354	1	123	00b60040		open	world::frame	
5355	2	1	00b5fd60		open	-	
5373	1	124	0047e040	TESActorBaseData::GetAlignmentForKarma	open	world::frame	
5374	2	1	00403e20		open	-	
5375	2	2	00403e20		open	-	
5376	2	3	00403e20		open	-	
5377	2	4	00403e20		open	-	
5378	1	125	0086ff70	Main::Swap	partial	world::frame	interface::SWAP_STEPS (Bevy renders; viewer: the menus' scenes at Main::UpdateOffscreenInterface)
5379	2	1	0043c4b0		open	-	
5380	2	2	004a0370		open	-	
5384	2	3	00950bb0		open	-	
5387	2	4	00456610		open	-	
5389	2	5	00950bb0		open	-	
5392	2	6	00456610		open	-	
5394	2	7	00950bb0		open	-	
5397	2	8	00450f90		open	-	
5399	2	9	00950bb0		open	-	
5402	2	10	00450f90		open	-	
5404	2	11	00871dc0	Main::RenderMenuBackground	open	world::frame::interface	
5483	2	12	00950bb0		open	-	
5486	2	13	00450f90		open	-	
5488	2	14	00950bb0		open	-	
5491	2	15	00450f90		open	-	
5493	2	16	0043c4b0		open	-	
5494	2	17	005585e0		open	-	
5496	2	18	00a29680		open	-	
5497	2	19	0040fbe0	Error	open	-	
5498	2	20	004ea970		open	-	
5499	2	21	00ba2f30		open	-	
5500	2	22	004dcef0		open	world::frame::interface	
5508	2	23	00701450	FaderManager::IsFaderVisible	open	-	
5509	2	24	00701450	FaderManager::IsFaderVisible	open	-	
5510	2	25	00457d70	TES::ShowLoadingMenu	open	world::frame::interface	
5543	2	26	0040fbe0	Error	open	-	
5544	2	27	0096cfa0		open	world::frame::interface	
5549	2	28	007013e0		open	-	
5550	2	29	007010e0	FaderManager::RemoveFader	open	world::frame::interface	
5554	2	30	007010e0	FaderManager::RemoveFader	open	world::frame::interface	
5558	2	31	004534f0		open	-	
5559	2	32	0047c850		open	-	
5560	2	33	004534f0		open	-	
5561	2	34	00483710		open	-	
5562	2	35	00877430	Main::KillMenuBGTexture	open	world::frame::interface	
5572	2	36	0070edf0	XUserInterface::XUIIsUp	open	-	
5574	2	37	00701400		open	-	
5575	2	38	005f36f0	ActorMover::GetPreferredMoveMode	open	-	
5576	2	39	004fd3e0	TES::GetWorldSpace	open	-	
5577	2	40	00548210		open	-	
5579	2	41	0044ddc0		open	-	
5580	2	42	0044ddc0		open	-	
5581	2	43	008705c0		open	-	
5582	2	44	0044ddc0		open	-	
5583	2	45	004baf10	GridCellArray::RecreateCanopyShadowMaskTexture	open	-	
5778	2	46	008706b0		partial	world::frame::interface	Bevy's render (platform; the renderer stays Bevy)
5790	2	47	007079b0	Interface::IsInRenderedMenu	open	-	
5796	2	48	00702360	Interface::IsInMenuMode	open	-	
5802	2	49	00702680	Interface::IsMenuIDVisible	open	-	
5817	2	50	007079b0	Interface::IsInRenderedMenu	open	-	
5823	2	51	008706b0		partial	world::frame::interface	Bevy's render (platform; the renderer stays Bevy)
5835	2	52	004ea970		open	-	
5836	2	53	00ba30f0	MTRenderingSystem::SetThreadStage	open	-	
5837	2	54	004ea970		open	-	
5838	2	55	00ba3130		open	-	
5839	2	56	00871a50	Main::UpdateOffscreenInterface	partial	world::frame::interface	viewer: the menus' 3D scenes and the HUD's picture over them (compose_hud_over_scene, vigor::draw, lockpick::show_lockpicking, caravan_table::show_table, casino_scene::show_casino) at this sub-step, outside its gate; Bevy draws them
5871	2	57	00702680	Interface::IsMenuIDVisible	open	-	
5886	2	58	00702680	Interface::IsMenuIDVisible	open	-	
5901	2	59	00702680	Interface::IsMenuIDVisible	open	-	
5916	2	60	00702680	Interface::IsMenuIDVisible	open	-	
5931	2	61	00702680	Interface::IsMenuIDVisible	open	-	
5946	2	62	00702680	Interface::IsMenuIDVisible	open	-	
5961	2	63	00702680	Interface::IsMenuIDVisible	open	-	
5976	2	64	00702680	Interface::IsMenuIDVisible	open	-	
5991	2	65	00872940		partial	world::frame::interface	Bevy's render (platform; the renderer stays Bevy)
6018	2	66	00559450		open	-	
6019	2	67	004dc310		open	-	
6020	2	68	004e3270		open	-	
6021	2	69	00874b90		partial	world::frame::interface	Bevy's render (platform; the renderer stays Bevy)
6029	2	70	005d4a40		open	-	
6030	2	71	00b55a10		open	-	
6034	2	72	00709b40		open	world::frame::interface	
6036	2	73	00559450		open	-	
6037	2	74	007028b0	Interface::Click	open	world::frame::interface	
6050	2	75	004ea970		open	-	
6051	2	76	00ba2fa0		open	-	
6052	2	77	00559450		open	-	
6053	2	78	00559450		open	-	
6054	2	79	004a0ea0		open	-	
6055	2	80	00b6da10	BSTextureManager::ReturnRenderedTexture	open	-	
6085	2	81	0066b0d0		open	-	
6088	2	82	007fdf30	Controls::GetInstance	open	-	
6089	2	83	00a24660		open	-	
6097	2	84	007fdf30	Controls::GetInstance	open	-	
6098	2	85	00a24180		open	-	
6099	2	86	0043d4d0		open	-	
6100	2	87	0045ce80		open	-	
6102	2	88	0043d4d0		open	-	
6103	2	89	00403df0		open	-	
6104	2	90	00406d00		open	-	
6106	2	91	0043d4d0		open	-	
6107	2	92	0086d4c0		open	-	
6108	2	93	0086d4c0		open	-	
6109	2	94	00878860		open	-	
6152	2	95	00c458f0		open	-	
6156	2	96	004e9530		open	-	
6157	2	97	00b6b730		open	-	
6159	2	98	004a0ea0		open	-	
6160	2	99	00b6da10	BSTextureManager::ReturnRenderedTexture	open	-	
6190	2	100	00559450		open	-	
6191	2	101	00c51f20		open	-	
6193	2	102	004a03c0		partial	world::frame::interface	Bevy's render (platform; the renderer stays Bevy)
6197	2	103	0043d4d0		open	-	
6198	2	104	008c80e0	AILinearTaskThreadManager::SetMainRendering	open	world::frame::interface	
6200	2	105	00ec408c		open	-	
6202	1	126	008705d0	Main::PostSwapProcess	partial	world::frame	interface::POST_SWAP_STEPS (viewer: sounds, radio, music, ai::move_offstage)
6203	2	1	0086f640	Main::OnIdle_UpdateAudio	partial	world::frame::interface	viewer: sounds, the radio and the music, at its sub-steps
6209	2	2	0086f890	Main::OnIdle_UpdateProcessLists	partial	world::frame::interface	viewer: ai::move_offstage, at its sub-step
6217	2	3	0043d4d0		open	-	
6218	2	4	00552570		open	world::frame::interface	
6239	2	5	0086f670		open	world::frame::interface	
6242	1	127	004dc360		open	world::frame	
6243	2	1	004bc3f0		open	-	
6245	2	2	00b4f5c0	BSShaderManager::GetAccumulator	open	-	
6246	2	3	00b631d0		open	-	
6257	2	4	0045ce80		open	-	
6259	2	5	0045ce80		open	-	
6261	2	6	00ec25e0	MoviePlayer::Stop	open	-	
6265	2	7	00702330		open	-	
6270	2	8	004dc560		open	-	
6274	2	9	004dc590		open	-	
6278	2	10	004bc3f0		open	-	
6280	2	11	004dc540		open	-	
6282	2	12	004bc3f0		open	-	
6284	2	13	00e73eb0		open	-	
6292	2	14	0044ddc0		open	-	
6293	2	15	004503f0		open	-	
6295	2	16	004503f0		open	-	
6297	2	17	004503f0		open	-	
6299	2	18	004503f0		open	-	
6301	2	19	004dc330		open	-	
6303	2	20	00a62030		open	-	
6307	2	21	00b578a0		open	-	
6322	2	22	00b4f5c0	BSShaderManager::GetAccumulator	open	-	
6323	2	23	00559450		open	-	
6324	2	24	004dc540		open	-	
6326	2	25	0045c670		open	-	
6328	2	26	00c52520		open	-	
6330	2	27	004dc5c0		open	-	
6334	2	28	004dc650		open	-	
6338	2	29	00702250	Interface::Init	open	-	
6342	2	30	007022c0		open	-	
6346	2	31	007053f0		open	-	
6351	1	128	0043d4d0		open	world::frame	
6352	1	129	00713d80		open	world::frame	
6353	1	130	008c7990	AILinearTaskThreadManager::WaitForThreads	open	world::frame	
6354	2	1	008c7490		open	-	
6356	1	131	008ca300	AITaskManager::WaitForTasksDuringRendering	open	world::frame	
6357	2	1	008ca330	AITaskThreadManager::WaitForThread	open	-	
6359	1	132	0086f6a0	Main::UpdateNonRenderSafeAITasks	open	world::frame	
6360	2	1	007050d0	Interface::InDialog	open	-	
6365	2	2	00703d50	Interface::IsConsoleVisible	open	-	
6372	2	3	0086f860		open	-	
6373	2	4	007624d0		open	world::frame::interface	
6375	2	5	0096c240		open	world::frame::interface	
6383	2	6	0043d4d0		open	-	
6384	2	7	0096c970	ProcessLists::ParallelUpdateAnimationScenegraph	open	world::frame::interface	
6401	2	8	0096c860	ProcessLists::UpdateAnimationScenegraph	open	world::frame::interface	
6410	2	9	0096c710		open	world::frame::interface	
6419	2	10	0084d030		open	-	
6420	2	11	009781d0	ProcessLists::UpdateNonRenderSafeStuff	open	world::frame::interface	
6438	2	12	00705990	Interface::GetPipboy	open	-	
6444	2	13	0086f840		open	-	
6445	2	14	007fa990		open	world::frame::interface	
6449	2	15	0043d4d0		open	-	
6450	2	16	0054ae30	TESObjectCELL::PerformQueuedChildAttaches	open	world::frame::interface	
6466	2	17	004537b0		open	-	
6467	2	18	0087a6d0		open	world::frame::interface	
6469	2	19	004537b0		open	-	
6470	2	20	0087a790		open	world::frame::interface	
6473	2	21	00552570		open	world::frame::interface	
6494	2	22	0086f830		open	-	
6495	2	23	004537b0		open	-	
6496	2	24	0087a6b0		open	world::frame::interface	
6498	2	25	0043d4d0		open	-	
6499	2	26	007034c0		open	world::frame::interface	
6505	2	27	00703490		open	world::frame::interface	
6511	2	28	00991600		open	world::frame::interface	
6526	1	133	00870610	Main::OnIdle_PostThreadsProcess	open	world::frame	
6527	2	1	005aa720	Script::RunDelayedScriptActionsOnReferences	open	world::frame::interface	
6547	2	2	0043d4d0		open	-	
6548	2	3	004537b0		open	-	
6549	2	4	0087a710		open	world::frame::interface	
6551	2	5	004537b0		open	-	
6552	2	6	0087a850		open	world::frame::interface	
6555	2	7	004537b0		open	-	
6556	2	8	0087a6f0		open	world::frame::interface	
6558	2	9	007094f0	Interface::HandleQueuedMenuOpen	open	world::frame::interface	
6586	2	10	004b7210		open	-	
6587	2	11	00870680		open	world::frame::interface	
6589	2	12	00a0d9e0	DebugText::Instance	open	-	
6592	2	13	00a0e770	DebugText::HandleQueuedPrints	open	world::frame::interface	
6630	1	134	0070ed10		open	world::frame	
6631	1	135	0070ed20		open	world::frame	
6632	1	136	00703e10	Interface::OpenConsole	open	world::frame	
6633	2	1	004b7210		open	-	
6634	2	2	004b7210		open	-	
6635	2	3	009373f0		open	-	
6636	2	4	0071b160	MenuConsole::Instance	open	-	
6640	2	5	0071b160	MenuConsole::Instance	open	-	
6644	2	6	004a4020		open	-	
6645	2	7	0071b160	MenuConsole::Instance	open	-	
6649	2	8	0071d580	MenuConsole::ToggleVisible	open	world::frame::interface	
6661	2	9	004b7210		open	-	
6662	2	10	00714d90	InterfaceManager::AddToEnterStack	open	world::frame::interface	
6673	1	137	00a29680		open	world::frame	
6674	1	138	005ae270	Script::ClearOptimizations	open	world::frame	
6675	1	139	005a9d60	ScriptLocals::ClearOptimizations	open	world::frame	
6676	1	140	0084d030		open	world::frame	
6677	1	141	00702360	Interface::IsInMenuMode	open	world::frame	
6678	2	1	004b7210		open	-	
6679	2	2	004b7210		open	-	
6680	2	3	009373f0		open	-	
6681	2	4	004b7210		open	-	
6682	2	5	007023a0		open	-	
6683	1	142	00950090		open	world::frame	
6684	1	143	00aa7290		open	world::frame	
6685	2	1	0040fbf0		open	-	
6691	2	2	00aa7260		open	-	
