id	system	rule	FalloutNV.exe 1.4.0.525 address(es)	status	evidence	nv-rs
NV-001	actor	NPC level when the record follows the player's level (ACBS flags 0x80): the record's level / 1000 is stored as a single-precision float, multiplied by the player's level in extended precision and cut toward zero (fistp with truncate); then raised to the lowest level when lowest > 0 and level < lowest, else lowered to the highest when highest > 0 and level > highest; with the flag clear the record's level is returned unchanged and the limits are not looked at. 880 x 25 gives 21, not 22.	0047ded0	oracle-verified	fo-oracle fnv: 1200/1200 calls match the reading (14 hand-picked products where f32 and f64 part); fallout-rs fo-rules actors::level	DIFFERS: crates/world/src/scripting.rs Facts::level rounds (f32 product .round()) instead of truncating, has no highest-level cap, and adds max(1). Fix: ((player as f64) * ((record as f32 / 1000.0) as f64)).trunc(), then the lowest/highest rule above.
NV-002	actor	Full health of an auto-calculated NPC: max(0, trunc((END + fAVDNPCHealthEnduranceOffset) x fAVDNPCHealthEnduranceMult + (max(level, 1) - 1) x fAVDNPCHealthLevelMult)), level from NV-001; an auto-calculated NPC without a class gets 0 (00603fc0 tests the class pointer first); an NPC with its own stats gets (END + offset) x mult, not cut and no level term; the player (END + fAVDHealthEnduranceOffset) x fAVDHealthEnduranceMult + fAVDHealthLevelMult x (level - 1)	006436c0 00603fc0	oracle-verified	fo-oracle fnv: 1600/1600 (326 own-stats NPCs, 674 auto-calculated, 200 creatures, 400 player)	DIFFERS: crates/world/src/combat.rs max_health has no level term and no truncation for auto-calculated NPCs (its comment says 00603fc0 is not traced). Player and own-stats NPCs AGREE.
NV-003	actor	Radiation and poison resistance from Endurance: code 0x14 (RadResist) = (END + fAVDRadResistEnduranceOffset) x fAVDRadResistEnduranceMult; code 0x13 (PoisonResist) = (END + fAVDPoisonResistEnduranceOffset) x fAVDPoisonResistEnduranceMult; anything else 0	00643e40	oracle-verified	fo-oracle fnv: 1200/1200	DIFFERS: crates/world/src/scripting.rs actor_value returns 0 for actor values 19 and 20 ("only effects raise"); the Endurance part is missing.
NV-004	actor	Heal rate bonus from Endurance: Endurance as a whole number (floor of the current value); 6..10 pick fAVDHealRateEndurance6Bonus .. 10Bonus through a jump table; anything else, including 11 and above, gives 0	00643a70	oracle-verified	fo-oracle fnv: 1000/1000 with Endurance -2..14	DIFFERS: crates/world/src/scripting.rs unaffected_actor_value (value 15) clamps Endurance to 10, so Endurance 11+ gets the 10 bonus; the exe gives 0. It also reads the permanent value where the exe reads the current one.
NV-005	actor	Melee damage actor value (17) = floor(fAVDMeleeDamageStrengthMult x (fAVDMeleeDamageStrengthOffset + STR)) when that is above 0, else 0 (the offset is inside the product)	00643b50	exe-read	decompiled; same shape as Fallout3.exe 005816c0, whose twin is oracle-verified in fallout-rs	DIFFERS: crates/world/src/scripting.rs unaffected_actor_value (value 17) computes Offset + Mult x STR (no floor, offset outside the product); its comment says the shape is taken from the setting names.
NV-006	actor	Skill from attribute and Luck = floor(fAVDSkillPrimaryBonusMult x attribute) + ceil(fAVDSkillLuckBonusMult x Luck) + the skill's base setting	00643c20	oracle-verified	fo-oracle fnv: 1200/1200	AGREES in result for whole attributes: crates/world/src/chargen.rs player_skill uses the constants 2 and Luck / 2 rounded up instead of the two settings.
NV-007	actor	Action points = fAVDActionPointsBase + fAVDActionPointsMult x Agility; carry weight = fAVDCarryWeightsBase + fAVDCarryWeightMult x Strength; critical chance value (14) = fAVDCritLuckBase + fAVDCritLuckMult x Luck	006439d0 00643a10 00643b10	oracle-verified	fo-oracle fnv: 1200/1200	AGREES: crates/world/src/scripting.rs unaffected_actor_value (12, 13), crates/world/src/combat.rs critical. Their comment "not traced in the code" can now cite these addresses.
NV-008	actor	Skill points per level = trunc(floor(INT x 0.5 + 10)) + 1 when the new level is even and INT odd (the parity test is on the signed remainder); the caller passes min(trunc(Intelligence), 10); iLevelUpSkillPointsBase and iLevelUpSkillPointsInterval are constructed but never read	00648c10 00648bc0	oracle-verified	fo-oracle fnv: 1200/1200; string references for the two unread settings	AGREES: crates/world/src/experience.rs (fallout-rs had the Fallout 3 rule and corrected it from this read).
NV-009	actor	Experience needed for level L: 0 below 2, else iXPBase plus, per further level, a step that starts at iXPBase and grows by iXPBumpBase	00648b50	oracle-verified	fo-oracle fnv: 1000/1000	AGREES: crates/world/src/experience.rs
NV-010	actor	Experience award: nothing at or above iMaxCharacterLevel; the amount through perk entry 9; the total held at the top level's requirement; then ModAV 24	008d5100	exe-read	decompiled	AGREES on the shape. Rounding UNSETTLED: fallout-rs's notes say truncated, nv-rs (crates/world/src/experience.rs) rounds up. The call before the float-to-int conversion (004e4430) may be a ceiling, in which case nv-rs is right; neither side has run it through an oracle.
NV-011	actor	A perk is offered when the new level % iLevelsPerPerk == 0	00784c80	exe-read	decompiled	AGREES: crates/world/src/experience.rs
NV-012	actor	Kill experience share: the player's and teammates' damage accumulates on the victim; the kill pays when trunc(share / base health x 100) > iXPDeathRewardHealthThreshold, or always when base health <= 0	009134c0 00670700 0089d900	oracle-verified	fo-oracle fnv: 1200/1200 for 00670700	AGREES: crates/world/src/experience.rs
NV-013	actor	Knockdown by a hit: only for a hit that does not kill; over fKnockdownBaseHealthThreshold % of full health always; else over fKnockdownCurrentHealthThreshold % of current health: chance = min(fKnockdownChance, (dmg x DamageMult + DamageBase) / (AgilMult x Agility x 10 + AgilBase)), knocked down when rand % 1000 < trunc(chance x 1000)	00646400	oracle-verified	fo-oracle fnv: 1500/1500	AGREES: crates/world/src/explosions.rs knockdown_by_formula
NV-014	actor	Creature combat skill = the record's skill byte, plus trunc(level x fCreatureCalcCombat) when the record follows the player's level, level from NV-001 (at least 1)	005f8f70	oracle-verified	fo-oracle fnv: 1200/1200 for the reading (2 misses of the old Rust were the NV-001 rounding)	NOTHING found: no use of fCreatureCalcCombat in crates/ or viewer/.
NV-015	combat	Weapon condition factor: 1 above condition 0.75, else 1 - (0.75 - condition) x 0.67 (two double constants, 0101de30 and 01051680); no fDamage*WeapCond* setting is read	00646d00	oracle-verified	fo-oracle fnv: 1200/1200 for the reading; fallout-rs's own settings-based rule failed 1180/1200 and was corrected	AGREES: crates/world/src/npc_combat.rs condition_mult, crates/world/src/combat.rs weapon_damage_at. nv-rs was right where fallout-rs was wrong.
NV-016	combat	Weapon damage before armour = fDamageWeaponMult x listed damage x S x power x the NV-015 factor (+ the actor-value bonus, x teammate factor); S = fDamageSkillBase + fDamageSkillMult x skill / 100 for weapon types other than 0, S = 1 for type 0 when there is no attacker	00644ce0	oracle-verified	fo-oracle fnv: 1200/1200 for the reading (no attacker, so skill 100, arm factor 1, no actor-value bonus)	AGREES on everything the oracle could reach: crates/world/src/combat.rs weapon_damage_at. Not reached by the oracle: the attacker-dependent parts (arm factor, AV bonus, Nerve) and an ammunition term fallout-rs read (projectile count x two settings x the round's value through 006479e0) that nv-rs does not have; treat that term as a lead only.
NV-017	combat	Critical chance before perks = critical chance value / (fire rate when the weapon is automatic, flags +0x100 bit 1, a fire rate of 0 counting as 1; else 1) x the weapon's critical multiplier when it is >= 0; no condition term, no settings	00646d80	oracle-verified	fo-oracle fnv: 1200/1200	AGREES: crates/world/src/combat.rs critical_divisor and critical
NV-018	combat	Critical roll: + perk entry 1 on the attacker, + entry 36 on the target, + fVATSCriticalChanceBonus for a queued V.A.T.S. attack, x fCombatSneakAttackBonusMult for an undetected sneaking player; critical when rand % 1000 < trunc(chance x 10); fWeaponConditionCriticalChanceMult does not exist in FalloutNV.exe	009b7060	exe-read	decompiled and disassembled	AGREES: crates/world/src/combat.rs critical
NV-019	combat	Critical damage = the weapon's CRDT damage, or unarmed hit x fCombatUnarmedCritDamageMult, through perk entry 2, added when above 0	009b7060 00645c20	exe-read	decompiled	AGREES (cited in docs/ENERGY_WEAPONS.md and crates/world/src/combat.rs)
NV-020	combat	Hit pipeline order: base damage -> V.A.T.S. multipliers -> critical -> armour -> body-part multiplier -> part and sneak multiplier	009b5170	exe-read	decompiled: the calls appear in this order	AGREES: crates/world/src/combat.rs, crates/world/src/body_parts.rs
NV-021	combat	Armour step: floor = hit x fMinDamMultiplier; resistance r = min(DR, 100)/100 (x Nerve for a teammate) through the round's DR effect, capped at fMaxArmorRating/100; hit x= (1 - r); threshold t = max(DT, 0) (x Nerve) through the round's DT effect, + block value when blocking, - attacker perk entry 58 + target perk entry 56, then max(t, 0); hit -= t; then the round's damage effect, perk entry 0, max(hit, floor), the weapon's resist actor value, and fVATSPlayerDamageMult for the player in V.A.T.S.	009b5a30 006462e0 006463a0 0059a030	exe-read	decompiled and disassembled (too many live objects for the oracle)	AGREES on the order: crates/world/src/combat.rs armour_hit. fallout-rs had threshold before resistance and corrected it from nv-rs's reading.
NV-022	combat	Two branches inside the armour step: (a) for the player's weapon carrying weapon-mod effect 12 (Split Beam) the threshold is divided by the projectile count before it is subtracted; (b) for an automatic melee-type weapon (chainsaw-like) the hit is instead multiplied by max(1 - t / max(weapon damage, hit), 0)	009b5a30	exe-read	disassembled	DIFFERS: crates/world/src/combat.rs armour_hit has neither branch (subtracts t for every weapon). Low confidence on (b)'s exact operands; confirm in the disassembly before porting.
NV-023	combat	Armour wear from a hit = fDamageToArmorPercentage x damage x the resistance fraction (none when the hit does fatigue damage)	006462e0	oracle-verified	fo-oracle fnv: 1000/1000	AGREES: crates/world/src/combat.rs armour_hit (nv-rs also adds wear from the threshold part; fallout-rs has not read that part)
NV-024	combat	Body-part and sneak multiplier, after armour: with the part multiplier m above 0: when m >= 1 and the hit's undetected-sneak flag 0x400 is set, m x= fCombatDamageBonusMeleeSneakingMult for no weapon or weapon types 0..2, else fCombatDamageBonusSneakingMult; then damage x= m; a hit on no part is not multiplied	009b73d0	oracle-verified	fo-oracle fnv: 1200/1200	AGREES: crates/world/src/body_parts.rs
NV-025	combat	Arm factor of an attack: each arm counts 1 when its condition is above 0; animation types 0, 2 and 5..9 average both arms, the others take the right arm alone	00646880	oracle-verified	fo-oracle fnv: 1000/1000	AGREES: crates/world/src/combat.rs weapon_damage_at
NV-026	combat	Block value = fBlockSkillBase + fBlockSkillMult x Block skill, added to the target's damage threshold inside the armour step; no fBlockMax cap, no fBlockAmountWeaponMult / fBlockAmountHandToHandMult factor (those three settings exist and are unread)	006463a0 009b5a30	oracle-verified	fo-oracle fnv: 1000/1000 for 006463a0	AGREES: crates/world/src/melee.rs block_threshold
NV-027	combat	Companion Nerve: a teammate's weapon damage is x (1 + 0.05 x the player's Charisma), and its damage resistance and threshold are x the same factor	00644ce0 009b5a30	exe-read	decompiled	AGREES: crates/world/src/companions.rs nerve
NV-028	combat	Reload rate = 1 + (Agility - fAgilityReloadBase) x fAgilityReloadModifier, through perk entry 37 with the equipped weapon; equip rate the same shape	008c17c0 008c1940	exe-read	decompiled and disassembled	AGREES: crates/world/src/combat.rs
NV-029	combat	Weapon wear per attack starts from fDamageToWeaponValue and goes through the round's wear effect (kind 4) for the player's weapon with ammunition; the four fDamageToWeapon*Mult settings of Fallout 3 do not exist	00646260 0059a030	exe-read	decompiled	AGREES: crates/world/src/combat.rs
NV-030	combat	The round's effects (AMEF) are applied by 0059a030(kind, ammo, value): kind 0 damage, 1 DR, 2 DT, 4 weapon wear	0059a030	exe-read	decompiled (operation 0 = add read; others not read)	AGREES: crates/world/src/npc_combat.rs, crates/world/src/combat.rs with_ammo
NV-031	combat	Gun spread penalty is a SUM, not Fallout 3's product: + fStandingSpreadPenalty unless crouched; + fWalkingSpreadPenalty / p walking or + fRunningSpreadPenalty / p running (p = player's perk entry 54, at least 1); + fUnaimedSpreadPenalty unless aiming; crippled arms unless actor value 72; + fWeapStrengthReqPenalty x clamp(STR requirement - STR - perk entry 53, 0, 10); + fWeapStrengthReqPenalty x clamp(skill-requirement steps of 10, 0, 10); x (1 - skill x fWobbleToSkillConversion x 0.01); at least fMinGunSpreadValue; the twenty fGunSpread* settings exist and are unread	00646910 00647810 00647870	exe-read	decompiled and disassembled with setting annotation	AGREES: crates/world/src/vats.rs wobble (nv-rs is more detailed on swimming). One open point: nv-rs takes ceil((req - skill)/10), fallout-rs read a round; settle with the oracle.
NV-032	combat	Spread wrapper: caches the penalty per mode, runs perk entry 34 (Calculate Gun Spread), and for mode 3 (V.A.T.S.) multiplies by fNPCMaxGunWobbleAngle and adds the weapon's minimum spread; the firing function adds penalty x fNPCMaxGunWobbleAngle degrees to the shot's angle	008b0dd0 00523150	exe-read	decompiled	AGREES: crates/world/src/npc_aim.rs, crates/world/src/vats.rs
NV-033	combat	Fighting strength for flee decisions = health / (1 - min(v / 30, 0.99)) x the caller's factor (v from vtable +0x440; fallout-rs reads it as damage threshold, unconfirmed)	008acbe0	exe-read	decompiled; constants 0101db88 = 30, 0106682c = 0.99	AGREES: crates/world/src/combat_ai.rs strength
NV-034	combat	Melee attack score and power-attack chance keep Fallout 3's shapes; fDamagePowerAttackBonus (exe 3) is read in the hit pipeline, not in the damage function	00644680 00644810 00644520 009b5170	exe-read	decompiled against Fallout3.exe 00581f40 / 00582040	AGREES: crates/world/src/combat_ai.rs, crates/world/src/melee.rs
NV-035	combat	Jam at the start of an attack: the condition index (round(percent x 0.1), minus one above one) picks fWeaponConditionJam<n>; the ten fWeaponConditionRateOfFire<n> settings exist but their table 0119b294 has no reader, so a worn gun fires at full rate	00893a40 006477b0 0092b9e0	exe-read	decompiled; reference search	AGREES on rate of fire (nv-rs has no condition rate-of-fire rule). Jam index: crates/world/src/npc_combat.rs jam_index rounds half up; the minus-one step was not compared.
NV-036	combat	Limb cut roll: rand % 100 < explode chance (the part's, plus the aimed bonus when flagged) -> explode; else < sever chance + iCombatDismemberPartChance -> sever; the actor's override (1 sever only, 2 explode only, 3 neither); removal after fExplodeLimbRemovalDelay	00646e50 0092c120	exe-read	decompiled against Fallout3.exe 00582fd0	NOTHING found: no iCombatDismemberPartChance or cut roll in crates/world (body_parts.rs reads the BPND flags only).
NV-037	combat	Difficulty multipliers: Health damage to / by the player through fDiffMultHPToPC<step> / fDiffMultHPByPC<step> (tables 0119b310 / 0119b324), XP through fDiffMultXP<step> (0119b338)	00648cb0	exe-read	decompiled; table dump	NOTHING for health: crates/world/src/combat.rs assumes Normal (x1). XP multiplier AGREES (experience.rs).
NV-038	vats	V.A.T.S. gun hit chance: angle = fVATSSpreadMult x (min spread + shooter spread); area = pi x radius^2 (fVATSRangeSpreadUncertainty and fVATSDistanceFactor do not exist in FalloutNV.exe); range = min(target / area, fVATSRangeSpreadMax); melee 100 within fVATSMeleeMaxDistance; x fVATSStealthMult when either side sneaks; capped at fVATSMaxChance	00646f70	exe-read	decompiled and disassembled with setting annotation	AGREES: crates/world/src/vats.rs hit_chance
NV-039	vats	Thrown-weapon chance: 0 beyond range x fVATSThrownWeaponRangeMult; arm factor 1 or 1 - fCrippledArm1HSpreadPenalty (fVATSMeleeArmConditionBase/Mult exist and are unread); skill term ((1 - fVATSSkillFactor) + fVATSGrenadeSkillFactor x skill/100) x arm; destructible or grenade target x 100, rounded up to 1 in (0, 1)	00646f70	exe-read	decompiled	AGREES: crates/world/src/vats.rs (fVATSGrenade* used)
NV-040	vats	Attack action point cost: the weapon's own AP when its flag says so, else the slot's setting (slot by animation type, 13 -> fActionPointsAttackThrown); then perk entry 40; the real-time wrapper x fActionPointsRunAndGunMult when its flag is clear; FOV / aim / power-attack / sustained-fire multipliers exist and are unread	0066dce0 0066dca0 0066dba0	exe-read	decompiled; table dump	AGREES for V.A.T.S.: crates/world/src/vats.rs attack_cost. NOTHING for the real-time wrapper (fActionPointsRunAndGunMult unused; low impact).
NV-041	vats	AP regeneration: for the player outside V.A.T.S., fActionPointsRestoreRate x seconds through perk entry 39 x base AP, only while below the base	0088b660 0088b740	exe-read	decompiled	AGREES: crates/world/src/vats.rs regenerate
NV-042	vats	Queue add / remove / shown chance follow Fallout 3 (2000 ms re-query window, iVATSConcentratedFireBonus on the shown chance; the three unarmed V.A.T.S. moves named)	007f3e00 007efa10 007f0ea0	exe-read	decompiled, compared by constants and strings	AGREES: crates/world/src/vats.rs
NV-043	detection	Detection value sum, New Vegas form (25 arguments): noise = fSneakSoundsMult x heard x (run x boot x moving + trunc(fSneakActionMult) x sound), at least 0, where heard = attenuation x fSneakSoundLosMult only when out of sight AND not an ambush of type 1; light = visible x attenuation x (1 + moving x fSneakLightMoveMult + running x fSneakLightRunMult) x (light + fDetectionSneakLightMod) x fSneakLightMult x trunc((100 - invisibility) / 100) [integer division] x size factor, at least 0, with visible = 0 for a stealth device and then x fSneakStealthBoyMult; size factor = 1 + (size - 1) x fDetectionLargeActorSizeMult when size > 1; skill = (attenuation x modifier x perception - sneaking x sneak score) x fSneakSkillMult with modifier = 1 + alert x fSneakAlertMod + sleeping x fSneakSleepBonus + in combat x fSneakCombatMod + ambush (type 1 fSneakAmbushTargetMod, type 2 fSneakAmbushNonTargetMod); sneak score = max(iSneakStartBonus - iSneakStartBonusLevelPenatly x target level, 0) + (target level - watcher level) x iSneakLevelBonus + Sneak - armour penalty; value in (0, 1) gives 1, else cut	00642ed0	oracle-verified	fo-oracle fnv: 1500/1500	DIFFERS: crates/world/src/detection.rs value_with lacks the invisibility factor (Chameleon), the stealth-device rule and fSneakStealthBoyMult, the size factor, the sleeping bonus, both ambush modifiers and the ambush exception to the sound line-of-sight cut. Also check the sign: the exe ADDS in_combat x fSneakCombatMod (exe default -0.4); nv-rs SUBTRACTS the setting (its fallback is +0.4). The NV-only sneak score terms AGREE.
NV-044	detection	Size input of the detection sum = 1, or trunc(height / fDetectionLargeActorThreshold) when the target's height is above the threshold	00642e80	oracle-verified	fo-oracle fnv: 1000/1000	NOTHING: no fDetectionLargeActorThreshold in crates/world (see NV-043).
NV-045	detection	Armour penalty for the sneak score: iHeavyArmorStealthPenalty for body armour with ARMO flag 0x80, iMediumArmorStealthPenalty for 0x08	00642ed0 008a0d10	exe-read	decompiled and disassembled	AGREES: crates/world/src/detection.rs (heavy / medium)
NV-046	detection	Perk entry 31 on the target, when non-zero, counts it as not running and not moving while sneaking; nobody 8192 or more units from the player is examined (-100)	008a0d10	exe-read	decompiled	AGREES on the perk (crates/world/src/detection.rs, perks.rs); the 8192 cut-off was not found in nv-rs (it returns iAICombatMinDetection beyond the sneak distance, a different test).
NV-047	movement	Walking speed = SpeedMult x 0.01 x fMoveBaseSpeed x legs (one / two crippled-leg multipliers unless actor value 72) x fMoveNoWeaponMult (weapon away, a character) x (1 - penalty) x fMoveSneakMult (sneaking), at least 0; penalty = heavy (0x80) or medium (0x08) body-armour penalty + fMove2HBigPenalty for drawn types 8 and 9 or fMove2HRPenalty for 5 and 6; no load term (fMoveEncumEffect and the weight settings do not exist in FalloutNV.exe); run = fMoveRunMult x walking, then perk entry 42	00647d10 00647f00 00514410 00646cb0 00885bf0	oracle-verified	fo-oracle fnv: 1400/1400	AGREES: crates/world/src/locomotion.rs
NV-048	movement	Flying speed = fMoveMinFlySpeed + SpeedMult x 0.01 x (fMoveMaxFlySpeed - fMoveMinFlySpeed), at least 0; no load term	00647fd0	oracle-verified	fo-oracle fnv: 1000/1000	NOTHING found (no fMoveMinFlySpeed use).
NV-049	movement	Fall damage above fJumpFallHeightMin: (h - min)^fJumpFallHeightExponent x fJumpFallHeightMult, none for a flier; the player's legs each hurt by damage x fFallLegDamageMult with iFallLegDamageChance % (two rolls)	008a62b0	exe-read	decompiled; same as Fallout3.exe 00709320	AGREES (cited): crates/physics/src/controller.rs, crates/world/src/combat.rs; not compared line by line.
NV-050	movement	Swimming: breath = fActorSwimBreathBase + Endurance x fActorSwimBreathMult; drowning damage = health x fActorSwimBreathDamage (both in double precision, stored as float); jump height fJumpHeightMin x scale, x fJumpSwimmingMult when swimming	00648a10 00648a50 00930640	oracle-verified	fo-oracle fnv: 1200/1200 for the two swimming functions	NOTHING for breath and drowning (no fActorSwimBreath* use); jump height AGREES (crates/world/src/locomotion.rs).
NV-051	travel	Fast-travel refusal order: hostile actor near; alarm package (procedure 0x15) running; a Health-damaging effect; script switch (EnableFastTravel 0); over-encumbered unless perk entry 51 >= 1; Fatigue or Health below 1; in the air; cell flag 0x04 XOR interior, and the worldspace flag +0x4c bit 1	0093d660 0093db40 008849c0	exe-read	decompiled; message settings resolved	PARTLY: crates/world/src/map.rs travel_refusal checks hostile, script, encumbrance (with the perk) and the interior cell flag in that order; it lacks the alarm, health-damage, Fatigue/Health below 1 and in-air refusals and the exterior / worldspace flag test.
NV-052	travel	Wait refusal order: trespass; alarm; under water; hostile near; in the air; cell; radiation; player vtable +0x764 != 0 (NV-only); Health damage. Bed order: owner; cell; trespass; hostile; radiation; Health damage	00969fa0 005095b0	exe-read	decompiled and annotated	PARTLY: crates/world/src/living/sleep.rs may_wait / may_sleep_in keep the same relative order for the tests they have; alarm, under water, in the air, radiation and the +0x764 test are left out (their notes say so).
NV-053	travel	Hostile near = any high-process actor hostile to the player within fHostileActorInteriorDistance or fHostileActorExteriorDistance	009764a0	exe-read	decompiled	AGREES (cited): crates/world/src/living/sleep.rs, scripting.rs enemies_near
NV-054	travel	Waited hour: time + 3600 / TimeScale real seconds; process lists updated by 3600 s; heal through 0088b510 with 00648b00 = seconds / 3600, or when sleeping fHealingRateSleepingMult x that + fHealingRateSleepingBase / 3600	0094df80 0088b510 00648b00	oracle-verified	fo-oracle fnv: 1000/1000 for 00648b00	AGREES: crates/world/src/living/sleep.rs pass_hour (nv-rs notes the menu uses the awake rate)
NV-055	travel	Encounter-zone level = min + trunc((player level - min) x fLevelScalingMult) in double precision; below the minimum the minimum, or the player's level when the zone's flag bit 2 is set	00526190	oracle-verified	fo-oracle fnv: 1000/1000	NOTHING found: no fLevelScalingMult in crates/world.
NV-056	travel	Encounter zone due to reset: 1 for the default zone or level 0; 0 when flagged never-reset or never left; else 1 when floor(GameDaysPassed x 24) is more than iHoursToRespawnCell past the hour the player left	005262a0	oracle-verified	fo-oracle fnv: 1200/1200	NOTHING found: no iHoursToRespawnCell use.
NV-057	hardcore	Needs grow each frame in hardcore and before each waited hour: per need, period = rate x TimeScale / 60 game minutes; when now - clock >= period: ModAV(need, trunc((now - clock) / period)) and the clock restarts; rates fHCDehydrationRate (AV 73), fHCSleepDeprivationRate (AV 75, skipped while the player sleeps), fHCStarvationRate (AV 74); nothing while player byte +0x680 bit 4; a zero thirst clock or the always-hardcore byte +0xe39 restarts all three clocks	00969c30 00867ea0 00867950	oracle-verified	fo-oracle fnv: 1200/1200 (2,316 recorded ModActorValue calls)	AGREES: crates/world/src/living/needs.rs (nv-rs was right first; fallout-rs had points per game hour and corrected it). Minor: nv-rs restarts clocks on a zero clock only, not on the always-hardcore byte.
NV-058	hardcore	Sleeping in hardcore: each slept hour takes min(current, fHCSleepRestorationMod) off Sleep Deprivation and nothing else; outside hardcore the end of a sleep restores Health and Fatigue in full and raises the seven limb conditions by 1000	0094df80 008a0960	exe-read	decompiled	AGREES: crates/world/src/living/sleep.rs
NV-059	hardcore	SetHardcore 0 (not forced) clears the always-hardcore byte and, unless the global byte 011a0294 is set, zeroes AV 73, 75, 74 in that order; hardcore = player +0x7bc == 1	00969e90 004d1360	exe-read	decompiled	AGREES: crates/world/src/living/needs.rs
NV-060	hardcore	Ammunition (form type 0x29) weighs something only when the inventory weight is asked for in hardcore	0048ebc0 00969110	exe-read	decompiled	AGREES (cited): crates/world/src/items.rs
NV-061	companions	A teammate is essential whenever hardcore is off; otherwise the base's ACBS essential flag or the reference flag	0087f3d0 004d1360	exe-read	decompiled	AGREES: crates/world/src/more_functions/mod.rs is_essential
NV-062	reputation	Reputation level: the side's points / the REPU maximum at or above fReputationThresholdOne / Two / Three (exe 0.15 / 0.5 / 1.0; not in the plugins) gives 1 / 2 / 3	00616950	oracle-verified	fo-oracle fnv: 1200/1200	AGREES: crates/world/src/reputation.rs level (fallout-rs had a guess and corrected it from nv-rs)
NV-063	reputation	GetReputationThreshold(axis) table from (fame level, infamy level): (0,0) -> 1; axis 0: (1,1) 3, (2,2) 4, (3,3) 5, (3,2)/(2,3) 2; axis 1: (1,0) 4, (2,0) 5, (2,1) 2, (3,0) 6, (3,1) 3; axis 2 mirrored; else 0	00616a90	oracle-verified	fo-oracle fnv: 1500/1500	AGREES: crates/world/src/reputation.rs threshold
NV-064	reputation	AddReputation / RemoveReputation sizes 1..5 = fReputationBumpVeryMinor 1, Minor 2, Average 4, Major 7, VeryMajor 12 points; held at the maximum (at 0 for removal)	00615c90 00615fa0 00615730	exe-read	decompiled	AGREES: crates/world/src/reputation.rs bump, add, remove
NV-065	reputation	Crime infamy: major / minor crimes against a faction with a reputation take fReputationMajorCrimeNeg (exe 30) / fReputationMinorCrimeNeg (exe 2) infamy points; a faction tracks crime when its flags have 0x100	005fda00 005fda50 00616c20 008b7d00	exe-read	decompiled	AGREES (cited): crates/world/src/crime.rs
NV-066	karma	Karma band: above fAlignEvilMaxKarma is the good side, where at or above fAlignGoodMinKarma is good and at or above fAlignVeryGoodMinKarma very good, else neutral; at or below the evil maximum, above fAlignVeryEvilMaxKarma is evil, else very evil. The limits belong to the named band (inclusive)	0047e040	oracle-verified	fo-oracle fnv: 1000/1000 (270 samples exactly on a limit)	AGREES: crates/world/src/reputation.rs alignment. nv-rs was right; fallout-rs's earlier note "strict comparisons" was wrong.
NV-067	karma	Kill karma (player kills a victim in a crime-tracking faction, flag 0x100) by the victim's band: good fKarmaModMurderingGoodNPC, very good ...VeryGoodNPC, evil fKarmaModKillingEvilActor, very evil ...VeryEvilActor, neutral fKarmaModMurderingNonEvilNPC or ...NonEvilCreature; RewardKarma(trunc(value)) when not 0	0089d900 008b8490 008b7d00	exe-read	decompiled; jump table 0089f4c4 read	AGREES: crates/world/src/reputation.rs kill_karma
NV-068	karma	RewardKarma: held to iKarmaMin / iKarmaMax; the major message past iKarmaChangeThreshold; UIKarmaDown / UIKarmaUp sounds	0094fd30	exe-read	decompiled and disassembled	AGREES: crates/world/src/reputation.rs reward_karma
NV-069	trade	Item value at condition = value x fItemConditionValueBase + (condition / 10, not below 0)^fItemConditionValueExp x fItemConditionValueMult x (1 - Base) x value, only for a value above 0; a negative percent counts as 100; rounded by 004bd510 when |x| >= 1	00647c00	oracle-verified	fo-oracle fnv: 1200/1200	AGREES (cited): crates/world/src/barter.rs
NV-070	trade	Barter multipliers: buy = fBarterBuyBase + Barter x fBarterBuyMult / 100, sell = fBarterSellBase + Barter x fBarterSellMult / 100; fBarterDispBase exists and is read by nothing (no disposition term in New Vegas)	00649050	oracle-verified	fo-oracle fnv: 1000/1000; reference search for fBarterDispBase	AGREES: crates/world/src/barter.rs
NV-071	crime	Pickpocket chance = trunc(the three base + mult terms), held between the truncated fPickPocketMinChance and fPickPocketMaxChance	00643400	oracle-verified	fo-oracle fnv: 1200/1200	AGREES: crates/world/src/living/pickpocket.rs
NV-072	repair	Pip-Boy repair (tenths): max(a, b) + fRepairMin + (fRepairMax - fRepairMin) x skill / 100 + min(a, b) x fRepairScavengeMult; the skill ceiling is computed and NOT applied (Fallout 3 applies it)	00648090	oracle-verified	fo-oracle fnv: 1200/1200 for the reading; fallout-rs's Fallout 3 rule failed 877/1200 and was corrected	AGREES: crates/world/src/repair.rs mended. nv-rs was right where fallout-rs was wrong.
NV-073	repair	Repair cost = fItemRepairCostMult x value x (ceiling - condition / 10) / 10, ceiling = fRepairSkillBase + (fRepairSkillMax - fRepairSkillBase) x skill / 100; 0 at or below 0.5, else at least 1 after rounding	00648230	oracle-verified	fo-oracle fnv: 1200/1200	AGREES: crates/world/src/repair.rs
NV-074	perks	74 perk entry points (0..73), the dispatcher refuses >= 74; 0..36 are Fallout 3's in order; 37 Reload Speed .. 73 Adjust Heavy Weapon Weight	00f4fa60 005e58f0	exe-read	string references in the initializer; decompiled dispatcher	AGREES: crates/world/src/perks.rs ENTRY_POINT_NAMES (74)
NV-075	scripts	Script block types 0..0x25 from the table 0118e2f0 (0x28-byte rows); event bits: OnAdd 1, OnEquip 2, OnDrop 4, OnUnequip 8, OnDeath 0x10, OnMurder 0x20, OnCombatEnd 0x40, OnHit 0x80, OnHitWith 0x100, OnPackageStart 0x200, OnPackageDone 0x400, OnPackageChange 0x800, OnLoad 0x1000, OnMagicEffectHit 0x2000, OnSell 0x4000, OnStartCombat 0x8000, OnOpen 0x10000, OnClose 0x20000, SayToDone 0x40000, OnGrab 0x80000, OnRelease 0x100000, OnDestructionStageChange 0x200000 (NV), OnFire 0x400000 (NV), OnTrigger 0x10000000, OnTriggerEnter 0x20000000, OnTriggerLeave 0x40000000, OnReset 0x80000000; OnNPCActivate (NV, id 37) tests the activator directly	005ac750 005a8e20 005e1550 0118e2f0	exe-read	decompiled; table dump	PARTLY: crates/world/src/scripting.rs has bits 1, 2, 4, 8 for item scripts and runs OnDeath, OnActivate, OnTrigger*, OnHit*, OnStartCombat, OnLoad, OnOpen / OnClose and SayToDone. Not found: OnMurder, OnCombatEnd, OnPackageStart / Done / Change, OnMagicEffectHit, OnSell, OnGrab, OnRelease, OnReset and the three New Vegas-only blocks.
NV-076	scripts	OnActivate reads action flag 2 and clears flags 1 and 2; activation sets flag 2 and runs the script at once while the nesting counter is below 5; EnterTrigger posts 0x20000000 and 0x10000000 and runs at once, 5 deep; GameMode runs when no menu is open; MenuMode 1 asks the menu pages 0x3eb, 0x3ea, 0x40b, 0x3ff	00573170 005d8cf0 00702680	exe-read	decompiled	AGREES (cited): crates/world/src/scripting.rs, script_functions.rs, menu_background.rs
NV-077	scripts	SetStage: the stage item is found, the quest set running unless completed, the current stage only rises, the entries run; Start / StopQuest bit 0x01; CompleteQuest sets bit 0x02 and leaves the quest running; ResetQuest clears stages, entry dates, the stage byte and objectives; GetButtonPressed answers only the script that showed the box, once	005c7140 0060d510 0060c9c0 0060ca30 0060d720 005b4a80	exe-read	decompiled with callees	AGREES (cited): crates/world/src/scripting.rs, quest_text.rs, docs/GOODSPRINGS_ROUTE.md
NV-078	scripts	GetFactionRank answers 1 when the faction is among the actor's factions, else -1; the rank is never returned	008b8290	exe-read	decompiled	AGREES: crates/world/src/script_functions.rs
NV-079	scripts	GetInCell / GetInCellParam: case-insensitive prefix match of the cell's editor ID against the asked one (strnicmp over the asked length), with a one-entry cache	0059ef60	exe-read	decompiled	AGREES: crates/world/src/script_functions.rs cell_matches
NV-080	scripts	GetDeadCount: the data handler keeps a list of (form, signed 16-bit count) pairs; Actor::Kill adds 1 under the leveled base held in ExtraLeveledCreature (+0xC) or else the reference's base, before OnDeath; it returns early when the actor is already dead (life state 1, 2 or 6) or, for a non-player, when the child test (008d40e0) says so; GetDeadCount reads the count as i16	0089d900 008844f0 008d40e0	exe-read	decompiled; fallout-rs checked the counting over every kill in its headless runs (7,681 of 7,681)	DIFFERS: crates/world/src/scripting.rs "GetDeadCount" counts the dead references whose base is the asked form at the moment of asking. Counts made through leveled lists, corpses that were disabled or deleted, and the early returns are not modelled.
NV-081	hud	Map marker discovery uses iMapMarkerRevealDistance (exe 1000), separate from iMapMarkerVisibleDistance (20000); perk entry 69 (Has Improved Detection) is read by the same compass update	00779070	exe-read	setting references; decompile	AGREES: crates/world/src/map.rs discover (nv-rs also reads the marker's own radius)
NV-082	ai	Sandbox duration: centre = fSandboxDurationBase x mult[kind] x (energy x fSandboxEnergyMult x energy_mult[kind] + 1), kinds 0/1 furniture, 2 eating, 3/5 wandering, 4 idle marker; low/high = centre x (1 -/+ fSandboxDurationRangeMult); one raw generator draw: low + (high - low) x draw / 4294967295	006435c0	oracle-verified	fo-oracle fnv: 1200/1200 (predicted generator draw)	AGREES: crates/world/src/sandbox.rs duration
NV-083	ai	Wander wait = (fAIMaxWanderTime - (energy x fAIEngergyLevelMult + fAIEnergyLevelBase)) / 2, not clamped	006434f0	oracle-verified	fo-oracle fnv: 1000/1000	AGREES: crates/world/src/sandbox.rs wander_pause (nv-rs clamps at 0; the exe does not, which only matters for energy terms above the maximum wander time)
NV-084	ai	Follow distances: stop = max(d - fFollowSlowdownZoneWidth, d x fFollowStopZoneMinMult); match speed d + fFollowMatchSpeedZoneWidth x 0.5; resume d + fFollowMatchSpeedZoneWidth	00643f20 00643fa0 00643fd0	oracle-verified	fo-oracle fnv: 1200/1200	NOTHING found: nv-rs uses its own FOLLOW_CATCH_UP 350 (crates/world/src/companions.rs); no fFollow* settings read.
NV-085	ai	Follower speed: inside the follow distance scaled between the walk/run min-slowdown and max-speedup multipliers chosen by the movement flags, beyond it by 1.25 / fFollowExtraCatchUpSpeedMult, held between the bounds	008855f0	exe-read	decompiled against Fallout3.exe 00704d80	NOTHING found.
NV-086	ai	Social talk: radius 200 unless the setting is below 200; chance by rand % 100; New Vegas adds the fAItalktosameNPCtimer cooldown	00904800	exe-read	decompiled and annotated	AGREES: crates/world/src/social.rs
NV-087	weather	Weather reroll window 1 + (255 - volatility) x 22 / 255 hours; climate roll then region rolls; transition fraction = elapsed / (fWeatherTransMin + byte / 255 x (Max - Min)), with acceleration (fWeatherTransAccel + 1); image-space update last	0063d1d0 0063d5c0	exe-read	decompiled; settings by annotation	AGREES on the transition (crates/world/src/weather.rs fade_hours); reroll window and acceleration not compared.
NV-088	weather	Weather pick: chances summed as unsigned, rand % total walks the list	005827d0	exe-read	disassembled	AGREES on the walk: crates/world/src/weather.rs roll. Open: a global-driven chance is converted by fistp; nv-rs rounds half to even, fallout-rs's note says truncating; settle with the disassembly's control word.
NV-089	weather	Image-space adapters in five phases with a fixed 12:00 noon: slot 4 (high noon) weights at sunrise end and sunset begin, slot 1 (day) at noon	0063ef20 00639d40	exe-read	decompiled	AGREES: crates/world/src/weather.rs (day and high noon swapped as the code does)
NV-090	weather	Sun times: sunrise begin = max(0, byte / 6 - fDaytimeColorExtension), sunset end = min(23.99, byte / 6 + ext)	0063b9b0 0063ba30	exe-read	decompiled	AGREES: crates/world/src/weather.rs
NV-091	audio	Sound volume: own volume clamped, group volume, floor 1e-5, log10 x 2000 centibels, losses subtracted, clamp -10000..-1	00aed660	exe-read	decompiled and annotated	AGREES: crates/world/src/weapon_fx.rs amplitude
NV-092	audio	Group volume: a sound with the NO_GROUP flag (0x800000) takes the MUSIC group's volume; the master includes the global fade 011f6e78	00adac30	exe-read	decompiled	NOTHING: crates/world/src/weapon_fx.rs says group volumes are not applied (no volume settings in the viewer).
NV-093	rendering	fDefaultFOV:Display (75) is the horizontal angle of a 4:3 picture: frustum top = 0.75 x tan(FOV / 2), so the vertical angle is 2 atan(0.75 tan(37.5 deg)) = 59.9 deg on every aspect	00c52020 00a6faf0	exe-read	disassembled	AGREES: viewer/src/scope.rs, viewer/src/vats.rs
NV-094	saves	Change-form loaders (LoadGame, vtable slot 0x5c): TESChallenge = TESForm + u32 +0x6c + u32 +0x70 unconditionally; TESReputation = TESForm + f32 fame (+0x44) + f32 infamy (+0x48); IMOD, CHIP and CMNY = TESForm + TESValueForm value (change flag 2); RCPE, RCCT, CSNO, AMEF, CDCK, LSCT, CCRD = TESForm only; MSTT = TESForm's LoadGame through its TESForm sub-object at +0x14; PCBE (form type 0x69) loads through the projectile path	005f57c0 006166a0 0051a630 00503a40 0059adf0 009b4cf0 009c52f0	exe-read	decompiled; fallout-rs decodes 196,228 of 196,228 change records (60,831,466 bytes) in 13 New Vegas saves with these	PARTLY: docs/FOS_SAVES.md and crates/fos decode CHAL and REPU; MSTT and PCBE are listed as "not decoded". This row gives their layouts.
NV-095	saves	Initial data: the reference test that picks the initial-data kind accepts form types 0x3a..0x40 and also 0x69 (PCBE), so a PCBE change record carries the same initial data as the other projectiles	0084e730 00564900	exe-read	decompiled	NOTHING: crates/fos does not decode PCBE.
NV-096	saves	ExtraDataList::LoadGame New Vegas-only cases: 0x8d ExtraWeaponModFlags (u8), 0x8f ExtraSecuritronFace (two strings), 0x90 and 0x91 (read nothing), 0x92 ExtraSpecialRenderFlags (two u32); 0x54 is a u32	00428150	exe-read	decompiled and disassembled (sizes from the disassembly)	AGREES: docs/FOS_SAVES.md lists 0x8D, 0x8F, 0x92 the same way.
NV-097	saves	Created package kinds (00670b90): 0x27 BackUp package = 12 bytes at +0x80 (NV-only); combat state 009a2040 always saves six weapon references and 12 words after them (Fallout 3: 11)	00670b90 009edb90 009a2040	exe-read	decompiled	AGREES on BackUp (docs/FOS_SAVES.md "39 BackUpPackage"); combat state not compared.
NV-098	settings	4,459 of the 4,581 Setting objects' built-in defaults were confirmed by running FalloutNV.exe's own registration functions inside the suspended process (the objects are built at run time, so a static image holds zeros)	0040e0b0 0040c150 0044f440 0045cf30 0045cfe0 and others	oracle-verified	fo-oracle fnv: 4459/4459	Not a rule. nv-rs's code has 41 fallback values that differ from these exe defaults (for example fSneakMaxDistance 2500 vs exe 1500, fMaxArmorRating 85 vs 90, iMaxCharacterLevel 30 vs 20); the ones looked at are FalloutNV.esm's values, which is harmless while the plugin sets the setting. The full name/default table can be shared on request.
